id,first_name,last_name,email,gender,ip_address
1101,Gard,Bilbrook,gbilbrook0@storify.com,Male,128.158.88.15
1102,Claretta,Astridge,castridge1@chicagotribune.com,Female,211.170.223.169
1103,Aldous,Woofenden,awoofenden2@sciencedirect.com,Male,236.185.152.167
1104,Nevins,Leavold,nleavold3@wikipedia.org,Male,9.2.144.94
1105,Hadlee,Dablin,hdablin4@technorati.com,Genderfluid,227.141.212.36
1106,Dehlia,McElory,dmcelory5@amazon.co.jp,Female,211.52.102.55
1107,Tito,O'Cullinane,tocullinane6@friendfeed.com,Male,167.44.204.6
1108,Lazaro,Clifford,lclifford7@g.co,Male,250.29.41.176
1109,Hugues,Perton,hperton8@loc.gov,Male,39.97.249.187
1110,Byron,Poser,bposer9@multiply.com,Male,187.75.142.158
1111,Gannie,Pleming,gpleminga@webeden.co.uk,Male,206.21.234.175
1112,Rube,Cutmere,rcutmereb@uiuc.edu,Male,230.218.8.155
1113,Bartholomeus,Wildor,bwildorc@mozilla.com,Male,195.207.248.37
1114,Guy,Insole,ginsoled@mozilla.org,Male,211.222.210.166
1115,Linc,McKeand,lmckeande@mozilla.com,Male,107.219.101.132
1116,Else,Paxton,epaxtonf@nps.gov,Female,157.249.171.120
1117,Jeremiah,Kovnot,jkovnotg@histats.com,Male,238.175.84.190
1118,Perle,Loach,ploachh@privacy.gov.au,Female,193.81.125.184
1119,Wynne,Keeling,wkeelingi@sina.com.cn,Female,131.152.164.211
1120,Charlean,Mazonowicz,cmazonowiczj@ebay.com,Female,8.172.89.41
1121,Cathy,Sheal,cshealk@jimdo.com,Female,110.110.71.56
1122,Skell,Hemms,shemmsl@tinyurl.com,Male,39.205.54.44
1123,Rafi,Nyles,rnylesm@so-net.ne.jp,Male,223.111.213.246
1124,Haily,Killiam,hkilliamn@themeforest.net,Male,189.80.76.32
1125,Karola,Drummond,kdrummondo@dyndns.org,Female,130.202.68.51
1126,Ciel,Rundall,crundallp@hibu.com,Female,172.232.244.180
1127,Caspar,Conlaund,cconlaundq@auda.org.au,Male,138.162.214.54
1128,Zarah,Hairesnape,zhairesnaper@independent.co.uk,Female,206.253.196.150
1129,Celestina,Aim,caims@examiner.com,Female,233.98.40.21
1130,Abbie,Ulyatt,aulyattt@dot.gov,Male,68.118.80.61
1131,Micaela,Langmuir,mlangmuiru@abc.net.au,Female,3.219.55.68
1132,Adriano,Shevell,ashevellv@cdbaby.com,Male,198.71.203.26
1133,Gibb,Jager,gjagerw@joomla.org,Male,86.10.146.25
1134,Hailee,Martinez,hmartinezx@netvibes.com,Female,11.12.243.91
1135,Nelli,Lempke,nlempkey@1688.com,Female,123.11.155.232
1136,Ayn,Sandbrook,asandbrookz@google.com.br,Non-binary,202.120.47.244
1137,Audrie,Grossier,agrossier10@usa.gov,Female,185.20.125.183
1138,Carrie,Aughtie,caughtie11@last.fm,Female,85.202.188.139
1139,Violet,Leftwich,vleftwich12@go.com,Agender,51.243.250.110
1140,Analiese,Wolvey,awolvey13@globo.com,Female,246.220.216.149
1141,Roosevelt,Pryell,rpryell14@qq.com,Male,86.164.60.229
1142,Pepillo,Burgis,pburgis15@example.com,Male,10.221.253.33
1143,Jemmie,Middlemiss,jmiddlemiss16@pen.io,Female,209.19.45.16
1144,Meaghan,Wenman,mwenman17@dropbox.com,Female,247.57.232.131
1145,Donalt,Methley,dmethley18@ft.com,Male,91.47.170.97
1146,Aeriela,Stringfellow,astringfellow19@google.it,Female,104.24.177.218
1147,Issi,Chishull,ichishull1a@techcrunch.com,Female,125.175.211.99
1148,Nicolas,Luxford,nluxford1b@japanpost.jp,Male,13.70.254.162
1149,Easter,Basson,ebasson1c@pbs.org,Female,131.47.21.26
1150,Shaine,Boman,sboman1d@smugmug.com,Male,235.192.167.163
1151,Dacy,Shippey,dshippey1e@canalblog.com,Female,66.96.3.179
1152,Rosmunda,Jebb,rjebb1f@bbc.co.uk,Female,91.197.160.41
1153,Truman,Stansby,tstansby1g@zdnet.com,Male,26.138.240.140
1154,Osgood,Knibley,oknibley1h@mapy.cz,Male,218.24.236.101
1155,Lani,Gatheral,lgatheral1i@qq.com,Female,107.25.10.132
1156,Glen,Falconer,gfalconer1j@google.ca,Polygender,91.148.18.135
1157,Lucila,Temlett,ltemlett1k@un.org,Female,170.220.41.223
1158,Almeria,O'Lagen,aolagen1l@linkedin.com,Female,151.23.128.76
1159,Matthiew,Bartalin,mbartalin1m@webeden.co.uk,Male,166.116.16.242
1160,Lucho,Tomczynski,ltomczynski1n@elpais.com,Male,3.118.68.89
1161,Toddie,Govier,tgovier1o@webmd.com,Male,147.91.161.132
1162,Shayna,Hartigan,shartigan1p@shareasale.com,Female,190.23.9.92
1163,Wilfred,Zanetello,wzanetello1q@1688.com,Male,23.222.218.232
1164,Bo,Gillbe,bgillbe1r@xinhuanet.com,Male,40.126.155.78
1165,Morly,Sowrah,msowrah1s@gnu.org,Male,98.53.14.188
1166,Umberto,Aven,uaven1t@taobao.com,Male,32.75.74.48
1167,Shannen,Benjefield,sbenjefield1u@yandex.ru,Agender,178.211.222.223
1168,Moina,Rivelin,mrivelin1v@newyorker.com,Polygender,102.72.27.8
1169,Davie,Edlyne,dedlyne1w@opera.com,Male,115.56.183.83
1170,Cicily,Rockcliff,crockcliff1x@dedecms.com,Genderfluid,148.119.226.132
1171,Cymbre,Baldocci,cbaldocci1y@usnews.com,Polygender,171.65.71.173
1172,Alida,MacIlraith,amacilraith1z@msu.edu,Female,27.222.234.18
1173,Idelle,Battyll,ibattyll20@cocolog-nifty.com,Female,8.125.28.43
1174,Alice,McMillian,amcmillian21@npr.org,Female,154.200.80.95
1175,Skelly,Clemes,sclemes22@qq.com,Male,76.134.4.72
1176,Kalina,Stickler,kstickler23@usgs.gov,Female,239.219.47.80
1177,Chere,Ponsford,cponsford24@globo.com,Female,5.158.238.240
1178,Olenka,Ballendine,oballendine25@netvibes.com,Female,227.73.91.228
1179,Irina,Prozescky,iprozescky26@icio.us,Female,55.210.129.226
1180,Amara,Walburn,awalburn27@mayoclinic.com,Female,197.36.162.79
1181,Lamond,Di Francecshi,ldifrancecshi28@icio.us,Male,230.111.161.132
1182,Marlo,Leonards,mleonards29@ycombinator.com,Female,125.127.50.250
1183,Kristi,Nourse,knourse2a@slideshare.net,Female,166.58.85.29
1184,Erin,Geach,egeach2b@pagesperso-orange.fr,Genderfluid,139.204.115.60
1185,Vina,Dufoure,vdufoure2c@earthlink.net,Female,134.243.49.28
1186,Ulick,Seamarke,useamarke2d@taobao.com,Male,57.107.142.3
1187,Angelo,Hamper,ahamper2e@usda.gov,Male,51.43.34.41
1188,Jayme,Braitling,jbraitling2f@slate.com,Agender,177.40.20.25
1189,Gus,Orrill,gorrill2g@mac.com,Male,145.20.228.86
1190,Roxane,More,rmore2h@cnn.com,Female,99.70.160.108
1191,Sonnie,Kennett,skennett2i@mac.com,Female,106.48.131.31
1192,Libbi,Sherebrooke,lsherebrooke2j@cdbaby.com,Female,119.182.42.138
1193,Aloin,York,ayork2k@squidoo.com,Male,72.37.236.227
1194,Mignon,Foss,mfoss2l@hostgator.com,Female,204.188.173.111
1195,Sheryl,Davidge,sdavidge2m@skyrock.com,Female,165.224.148.95
1196,Jeannie,Alder,jalder2n@netvibes.com,Female,160.241.113.200
1197,Phaidra,Noen,pnoen2o@prweb.com,Female,76.204.3.91
1198,Ailbert,Caley,acaley2p@rambler.ru,Male,242.128.227.72
1199,Georgie,Mahedy,gmahedy2q@google.com.hk,Female,59.88.127.169
1200,Melita,Frichley,mfrichley2r@webeden.co.uk,Female,127.192.40.81
1201,Aubert,Ciobutaru,aciobutaru2s@seattletimes.com,Male,241.219.110.89
1202,Winnifred,Gianni,wgianni2t@answers.com,Female,139.29.150.51
1203,Rossy,Oyley,royley2u@diigo.com,Polygender,3.243.162.103
1204,Karyl,Dyster,kdyster2v@theglobeandmail.com,Female,85.72.243.136
1205,Riane,Crosthwaite,rcrosthwaite2w@soup.io,Female,194.42.112.211
1206,Jewelle,Beebis,jbeebis2x@twitpic.com,Female,176.170.216.220
1207,Chrisse,Drewery,cdrewery2y@ebay.com,Non-binary,47.112.205.7
1208,William,Eisak,weisak2z@merriam-webster.com,Male,190.150.247.154
1209,Town,Frenzl,tfrenzl30@biblegateway.com,Male,248.251.230.211
1210,Daniella,Vannuchi,dvannuchi31@ftc.gov,Female,85.172.241.174
1211,Arnold,Brindley,abrindley32@go.com,Male,170.217.32.152
1212,Ingaberg,Blune,iblune33@g.co,Female,116.41.163.123
1213,Engracia,Rudgerd,erudgerd34@ihg.com,Female,149.207.202.249
1214,Demetre,Barson,dbarson35@paypal.com,Agender,54.168.97.228
1215,Dorian,Hadaway,dhadaway36@prlog.org,Genderfluid,159.57.80.243
1216,Ebba,Yukhnini,eyukhnini37@java.com,Female,161.249.214.252
1217,Bernardo,Cottell,bcottell38@gnu.org,Bigender,219.154.234.245
1218,Filberte,Brum,fbrum39@home.pl,Agender,88.1.228.124
1219,Batholomew,Letterese,bletterese3a@oakley.com,Male,91.221.44.97
1220,Leonardo,Caselli,lcaselli3b@usnews.com,Male,134.70.37.252
1221,Bessy,Yanuk,byanuk3c@simplemachines.org,Female,238.62.24.102
1222,Creighton,Poutress,cpoutress3d@sina.com.cn,Male,0.11.19.17
1223,Joel,Shugg,jshugg3e@un.org,Male,29.100.241.245
1224,Ruperto,Zanettini,rzanettini3f@ifeng.com,Male,19.248.133.177
1225,Tiebold,Dredge,tdredge3g@mozilla.org,Male,85.197.80.116
1226,Cori,Brecon,cbrecon3h@stumbleupon.com,Male,34.222.148.48
1227,Loralyn,Bartholomaus,lbartholomaus3i@paginegialle.it,Female,1.91.37.228
1228,Ugo,Soares,usoares3j@fotki.com,Bigender,2.165.69.246
1229,Louie,Restall,lrestall3k@mit.edu,Male,65.66.114.196
1230,Gwenore,Pennings,gpennings3l@census.gov,Female,195.61.93.175
1231,Stefano,Brereton,sbrereton3m@washingtonpost.com,Male,131.99.51.111
1232,Inna,Coxhead,icoxhead3n@furl.net,Polygender,44.119.15.253
1233,Franz,Bailles,fbailles3o@twitpic.com,Genderqueer,94.85.150.192
1234,Skippy,Murkitt,smurkitt3p@wired.com,Male,205.246.39.100
1235,Ailee,Menere,amenere3q@buzzfeed.com,Female,196.28.13.37
1236,Betsey,Dooman,bdooman3r@sphinn.com,Female,59.233.54.203
1237,Cornie,Gaukrodge,cgaukrodge3s@bbb.org,Female,124.144.52.113
1238,Nadya,Oxford,noxford3t@dagondesign.com,Female,115.160.5.123
1239,Mallory,Dyball,mdyball3u@fema.gov,Female,49.68.53.239
1240,Wiatt,Bouskill,wbouskill3v@biblegateway.com,Male,118.49.29.163
1241,Consuela,Cairns,ccairns3w@indiatimes.com,Female,173.100.233.45
1242,Carleton,Durdy,cdurdy3x@walmart.com,Male,156.228.4.247
1243,Kara,Reinhardt,kreinhardt3y@yolasite.com,Female,150.47.101.66
1244,Miran,Daintry,mdaintry3z@spiegel.de,Female,72.29.33.24
1245,Lydon,Lemmens,llemmens40@hc360.com,Male,151.173.179.132
1246,Tulley,Goman,tgoman41@weather.com,Male,10.225.15.35
1247,Edvard,Daniaud,edaniaud42@house.gov,Male,88.139.77.32
1248,Humfrey,Vigurs,hvigurs43@spotify.com,Genderqueer,62.223.11.232
1249,Rube,O'Shevlan,roshevlan44@goo.gl,Male,97.149.174.36
1250,Joeann,Stockman,jstockman45@spotify.com,Female,134.159.8.226
1251,Aldridge,Duligall,aduligall46@huffingtonpost.com,Male,83.176.1.92
1252,Crissy,Vasyunin,cvasyunin47@amazon.de,Agender,3.52.30.156
1253,Orion,Monaghan,omonaghan48@youtube.com,Male,178.68.209.41
1254,Karola,Fobidge,kfobidge49@cdbaby.com,Female,49.109.27.199
1255,Staford,Astin,sastin4a@gnu.org,Male,51.96.219.153
1256,Brandon,Speke,bspeke4b@mysql.com,Male,246.90.178.46
1257,Nanete,Luc,nluc4c@canalblog.com,Female,21.101.115.97
1258,Janelle,Hazeldine,jhazeldine4d@usnews.com,Female,190.246.39.214
1259,Domingo,Shawell,dshawell4e@state.tx.us,Male,174.227.199.132
1260,Joya,Aneley,janeley4f@ovh.net,Female,56.224.121.88
1261,Raina,Loddon,rloddon4g@ameblo.jp,Female,148.138.8.117
1262,Silvie,Ost,sost4h@vk.com,Female,121.168.194.145
1263,Howey,Hayhow,hhayhow4i@squarespace.com,Male,144.249.74.109
1264,Pandora,Vasin,pvasin4j@parallels.com,Female,190.157.209.225
1265,Eveleen,Tschirschky,etschirschky4k@indiegogo.com,Female,179.244.165.240
1266,Mark,Derkes,mderkes4l@amazon.co.uk,Male,4.160.48.243
1267,Albrecht,Roper,aroper4m@google.com.au,Male,106.236.21.229
1268,Teddy,Hartland,thartland4n@acquirethisname.com,Female,36.98.54.217
1269,Isabelle,Percy,ipercy4o@princeton.edu,Bigender,183.1.131.135
1270,Teddie,Panketh,tpanketh4p@cbslocal.com,Non-binary,0.165.189.237
1271,Ashia,Tiesman,atiesman4q@blogs.com,Polygender,42.28.27.106
1272,Shadow,Downie,sdownie4r@wp.com,Male,162.85.128.96
1273,Roxy,Rawsthorne,rrawsthorne4s@mit.edu,Female,252.8.1.234
1274,Dacy,Cushelly,dcushelly4t@uol.com.br,Female,32.79.79.101
1275,Pascal,Whittington,pwhittington4u@list-manage.com,Male,5.238.170.34
1276,Bertrand,McIlwrath,bmcilwrath4v@icq.com,Male,137.184.143.47
1277,Moises,Ziem,mziem4w@discovery.com,Male,165.36.123.73
1278,Nichols,Tokley,ntokley4x@google.co.jp,Male,217.230.128.53
1279,Jeri,Renhard,jrenhard4y@nytimes.com,Bigender,176.50.199.27
1280,Belita,Rutland,brutland4z@skyrock.com,Female,214.178.203.52
1281,Buckie,Doorbar,bdoorbar50@163.com,Male,146.57.151.186
1282,Lannie,Bartoszewski,lbartoszewski51@biglobe.ne.jp,Male,116.27.241.120
1283,Irena,Martschke,imartschke52@sohu.com,Female,149.252.241.5
1284,Meier,Pruvost,mpruvost53@mozilla.com,Male,198.169.97.255
1285,Waylen,Spinks,wspinks54@dedecms.com,Male,210.157.176.176
1286,Tomkin,Snozzwell,tsnozzwell55@gnu.org,Male,230.176.211.39
1287,Charlena,Ragg,cragg56@google.es,Genderfluid,83.180.25.199
1288,Ursulina,Soppit,usoppit57@quantcast.com,Female,204.155.227.87
1289,Anne,Friend,afriend58@constantcontact.com,Female,203.6.231.58
1290,Adrienne,Mitchener,amitchener59@kickstarter.com,Female,24.228.221.147
1291,Theresa,Bathowe,tbathowe5a@vistaprint.com,Female,247.198.210.35
1292,Jerrilyn,Goodanew,jgoodanew5b@opensource.org,Female,169.43.14.172
1293,Felice,Blowick,fblowick5c@arizona.edu,Female,48.3.161.251
1294,Rory,Rickert,rrickert5d@nyu.edu,Male,222.242.40.70
1295,Cathleen,Wyldbore,cwyldbore5e@redcross.org,Female,180.51.58.43
1296,Marabel,Ludwell,mludwell5f@indiatimes.com,Female,99.71.165.168
1297,Hana,Breede,hbreede5g@gizmodo.com,Female,47.75.103.78
1298,Pen,Scimonelli,pscimonelli5h@smh.com.au,Female,173.72.139.234
1299,Pryce,Bruce,pbruce5i@aboutads.info,Male,148.6.209.151
1300,Gerianne,Ziehm,gziehm5j@skyrock.com,Female,45.15.208.128
1301,Collin,Jeyness,cjeyness5k@123-reg.co.uk,Genderqueer,124.78.114.107
1302,Chane,Lavens,clavens5l@paypal.com,Male,201.120.58.34
1303,Trevor,Orpwood,torpwood5m@google.nl,Male,243.46.72.220
1304,Fransisco,Erswell,ferswell5n@sfgate.com,Male,156.130.101.29
1305,Osbourne,Lowcock,olowcock5o@naver.com,Male,85.232.186.119
1306,Adina,Greenshiels,agreenshiels5p@ask.com,Female,108.17.189.50
1307,Foss,Honatsch,fhonatsch5q@diigo.com,Male,187.102.217.119
1308,Morey,Littler,mlittler5r@cnn.com,Male,191.111.20.242
1309,Cynthea,Shortt,cshortt5s@webs.com,Female,197.101.71.164
1310,Thor,Bilofsky,tbilofsky5t@nba.com,Genderqueer,21.76.204.73
1311,Julita,Greenside,jgreenside5u@google.com.au,Female,172.206.85.19
1312,Bernadina,O'Fogarty,bofogarty5v@altervista.org,Female,212.114.90.98
1313,Finley,Galey,fgaley5w@tmall.com,Male,26.69.65.213
1314,Becca,Scothorn,bscothorn5x@1688.com,Female,34.168.3.70
1315,Kinsley,Haberjam,khaberjam5y@seattletimes.com,Polygender,161.118.151.152
1316,Kipp,Mault,kmault5z@1und1.de,Male,72.227.141.104
1317,Kellby,Gainfort,kgainfort60@bing.com,Male,195.1.119.152
1318,Franklin,Ferrierio,fferrierio61@amazon.co.jp,Male,42.70.57.198
1319,Dan,Trew,dtrew62@reverbnation.com,Male,77.223.90.142
1320,Edlin,De Beneditti,edebeneditti63@webs.com,Male,144.211.29.248
1321,Westbrook,Leif,wleif64@nba.com,Male,188.252.159.0
1322,Julius,de Clerk,jdeclerk65@weather.com,Male,40.241.214.51
1323,Lincoln,Prebble,lprebble66@zimbio.com,Male,54.6.103.106
1324,Blane,Goodinge,bgoodinge67@seattletimes.com,Male,87.39.28.250
1325,Amara,Galliard,agalliard68@eventbrite.com,Female,236.198.237.149
1326,Gwyn,Boggas,gboggas69@canalblog.com,Female,88.33.192.190
1327,Benedict,Gammon,bgammon6a@gov.uk,Male,164.153.105.140
1328,Lodovico,Paddison,lpaddison6b@harvard.edu,Male,9.7.44.219
1329,Godfree,Pavel,gpavel6c@jimdo.com,Male,234.181.208.55
1330,Steward,Dowsett,sdowsett6d@webmd.com,Male,118.249.75.220
1331,Sileas,Proud,sproud6e@ibm.com,Female,175.178.189.207
1332,Dorie,Grombridge,dgrombridge6f@columbia.edu,Male,236.159.172.207
1333,Far,Vanderson,fvanderson6g@amazon.co.uk,Male,206.217.95.53
1334,Demetre,Oxenden,doxenden6h@topsy.com,Non-binary,251.57.146.244
1335,Glad,Byre,gbyre6i@samsung.com,Female,253.226.137.44
1336,Claudine,Harman,charman6j@google.es,Female,215.150.234.132
1337,Mendel,Ciabatteri,mciabatteri6k@rakuten.co.jp,Male,38.39.157.46
1338,Filberte,Paulucci,fpaulucci6l@sogou.com,Male,139.36.88.255
1339,Moses,Chaikovski,mchaikovski6m@a8.net,Genderqueer,196.201.160.185
1340,Kalvin,Oughtright,koughtright6n@so-net.ne.jp,Male,202.214.162.213
1341,Christa,Kew,ckew6o@nbcnews.com,Female,175.60.60.226
1342,Jabez,Salery,jsalery6p@cnet.com,Male,41.163.71.211
1343,Winny,Hassen,whassen6q@wikia.com,Female,130.47.83.26
1344,Frederik,Kynder,fkynder6r@wufoo.com,Male,191.72.75.90
1345,Bekki,Lob,blob6s@umich.edu,Female,127.81.19.28
1346,Buddie,Lieber,blieber6t@si.edu,Bigender,77.86.246.235
1347,Brandon,Turfitt,bturfitt6u@irs.gov,Male,213.58.7.105
1348,Rahel,Rois,rrois6v@java.com,Female,139.252.102.8
1349,Calida,Dancy,cdancy6w@sogou.com,Female,217.12.105.13
1350,Karleen,Gerding,kgerding6x@marketwatch.com,Female,31.50.105.100
1351,Leigh,Bambrugh,lbambrugh6y@wufoo.com,Female,79.192.220.63
1352,Shalom,Patmore,spatmore6z@bloglovin.com,Male,243.95.99.16
1353,Violet,Igo,vigo70@cloudflare.com,Female,39.172.210.90
1354,Johann,Larcher,jlarcher71@theguardian.com,Male,95.15.186.104
1355,Lorens,Blanning,lblanning72@smugmug.com,Male,51.141.244.177
1356,Alexi,Iianon,aiianon73@cnn.com,Female,120.240.74.217
1357,Sharyl,Shapera,sshapera74@independent.co.uk,Female,91.167.184.237
1358,Forrester,Whittington,fwhittington75@webmd.com,Male,88.104.89.241
1359,Cordell,Glazyer,cglazyer76@sphinn.com,Male,162.130.107.52
1360,Fonzie,Liley,fliley77@theatlantic.com,Male,245.47.57.74
1361,Arnoldo,Marjoribanks,amarjoribanks78@gnu.org,Male,6.67.131.254
1362,Yul,Mackinder,ymackinder79@howstuffworks.com,Male,131.61.89.172
1363,Marty,Yanin,myanin7a@yolasite.com,Male,149.172.84.148
1364,Lou,Woollacott,lwoollacott7b@google.com.br,Female,198.209.50.206
1365,Iona,Paiton,ipaiton7c@engadget.com,Female,193.125.214.148
1366,Zonnya,Strete,zstrete7d@chronoengine.com,Female,230.251.84.125
1367,Emmeline,Aristide,earistide7e@seattletimes.com,Female,114.15.234.74
1368,Lara,Agius,lagius7f@pagesperso-orange.fr,Female,153.95.208.195
1369,Valene,Fawdrie,vfawdrie7g@mapquest.com,Female,121.40.103.3
1370,Chase,Gerber,cgerber7h@illinois.edu,Male,138.185.248.84
1371,Tate,Yeats,tyeats7i@google.com.br,Female,132.254.213.97
1372,Teresa,Sarfati,tsarfati7j@netvibes.com,Female,250.111.149.107
1373,Levey,Ishak,lishak7k@imdb.com,Male,161.206.205.130
1374,Yvor,Leishman,yleishman7l@php.net,Male,98.161.122.139
1375,Melisse,Cawcutt,mcawcutt7m@opensource.org,Female,238.113.144.84
1376,Reinhard,Matterson,rmatterson7n@archive.org,Male,125.28.85.179
1377,Fran,Knapton,fknapton7o@bizjournals.com,Male,133.187.59.92
1378,Jarred,Rayment,jrayment7p@mayoclinic.com,Male,18.135.169.143
1379,Barnebas,Cosslett,bcosslett7q@smugmug.com,Male,35.209.58.237
1380,Larisa,Beddoe,lbeddoe7r@zdnet.com,Female,26.100.18.97
1381,Kelly,Cloke,kcloke7s@usda.gov,Male,65.170.125.97
1382,Everett,Colbrun,ecolbrun7t@weebly.com,Male,37.112.234.169
1383,Tansy,De Domenici,tdedomenici7u@netscape.com,Female,200.44.14.64
1384,Ulick,Trusdale,utrusdale7v@typepad.com,Male,226.147.117.182
1385,Denver,Curnokk,dcurnokk7w@mediafire.com,Male,71.69.121.241
1386,Gerhardt,MacGorman,gmacgorman7x@squidoo.com,Male,23.137.74.239
1387,Adore,Errigo,aerrigo7y@chronoengine.com,Female,170.234.3.22
1388,Rab,Tollerfield,rtollerfield7z@jugem.jp,Male,116.200.214.116
1389,Krysta,Spring,kspring80@sina.com.cn,Female,0.105.239.104
1390,Haven,Mizzen,hmizzen81@youtu.be,Male,3.250.182.55
1391,Jeremie,Hammersley,jhammersley82@google.fr,Male,13.105.43.221
1392,Manya,Bulger,mbulger83@quantcast.com,Female,216.23.236.193
1393,Bengt,Berlin,bberlin84@ebay.co.uk,Male,234.195.134.246
1394,Franni,Duggan,fduggan85@pinterest.com,Female,13.43.83.250
1395,Kari,Mitrovic,kmitrovic86@ow.ly,Female,172.2.38.134
1396,Blondelle,Pipet,bpipet87@noaa.gov,Female,56.54.36.133
1397,Maryann,Farny,mfarny88@nifty.com,Female,36.2.60.23
1398,Prinz,Llewelly,pllewelly89@archive.org,Male,56.98.137.189
1399,Nikola,Rogerot,nrogerot8a@google.co.jp,Male,45.40.222.164
1400,Ara,Phillimore,aphillimore8b@last.fm,Male,57.16.74.115
1401,Robin,Minette,rminette8c@elpais.com,Female,157.159.254.50
1402,Kerwinn,Royste,kroyste8d@google.fr,Male,97.240.217.1
1403,Amii,Calfe,acalfe8e@wsj.com,Female,14.77.190.30
1404,Finlay,Spurdens,fspurdens8f@addtoany.com,Male,206.229.255.216
1405,Nicolette,Fero,nfero8g@google.cn,Agender,249.166.169.236
1406,Noelani,Flewin,nflewin8h@nhs.uk,Female,18.251.152.40
1407,Maryrose,Channer,mchanner8i@patch.com,Female,157.223.163.247
1408,Archibald,Pattlel,apattlel8j@google.ru,Male,181.235.94.127
1409,Marsh,Banbridge,mbanbridge8k@dion.ne.jp,Male,10.17.17.99
1410,Catina,Josiah,cjosiah8l@adobe.com,Female,111.87.163.10
1411,Elonore,Loftin,eloftin8m@upenn.edu,Female,62.5.34.243
1412,Sanderson,Waber,swaber8n@skyrock.com,Male,23.85.61.49
1413,Rafael,Kaindl,rkaindl8o@themeforest.net,Genderfluid,167.70.10.13
1414,Howard,Aupol,haupol8p@behance.net,Male,182.149.46.156
1415,Nels,Duly,nduly8q@china.com.cn,Male,16.174.133.190
1416,Katalin,Meekin,kmeekin8r@addtoany.com,Female,115.207.28.65
1417,Suzette,Spinelli,sspinelli8s@comsenz.com,Female,55.136.174.184
1418,Mathilda,Ketchaside,mketchaside8t@newyorker.com,Female,78.242.78.229
1419,Kyle,Windridge,kwindridge8u@networkadvertising.org,Male,41.11.203.92
1420,Gilles,Skentelbery,gskentelbery8v@webnode.com,Male,254.73.21.206
1421,Elka,Shanks,eshanks8w@wikipedia.org,Female,92.160.91.10
1422,Morgen,Lansdown,mlansdown8x@moonfruit.com,Male,4.80.251.151
1423,Iolanthe,MacLennan,imaclennan8y@pagesperso-orange.fr,Agender,152.13.130.118
1424,Haley,Syder,hsyder8z@typepad.com,Male,60.202.8.24
1425,Clarette,Furze,cfurze90@bbb.org,Female,134.145.125.97
1426,Salvatore,Warrell,swarrell91@clickbank.net,Male,5.212.240.129
1427,Alaine,McGennis,amcgennis92@smh.com.au,Genderfluid,208.93.189.83
1428,Jourdain,Baszniak,jbaszniak93@loc.gov,Male,118.246.53.210
1429,Mill,Scala,mscala94@sciencedaily.com,Male,166.82.16.174
1430,Alex,Stutely,astutely95@nbcnews.com,Male,126.32.102.120
1431,Robbie,Cattini,rcattini96@delicious.com,Polygender,208.135.143.104
1432,Franklyn,Melsome,fmelsome97@studiopress.com,Male,19.224.193.35
1433,Aundrea,Sprague,asprague98@e-recht24.de,Female,2.16.141.224
1434,Ferdinande,Ganforthe,fganforthe99@nydailynews.com,Agender,168.113.154.43
1435,Bryan,Falla,bfalla9a@people.com.cn,Male,25.131.131.226
1436,Melody,Kiezler,mkiezler9b@is.gd,Female,137.168.185.178
1437,Blinni,Braxton,bbraxton9c@istockphoto.com,Female,41.21.70.155
1438,Coop,Sandham,csandham9d@marriott.com,Male,58.10.243.107
1439,Tessa,Pfaffel,tpfaffel9e@google.com.br,Female,247.74.206.228
1440,Bogey,Reynoollds,breynoollds9f@usda.gov,Male,180.148.63.201
1441,Jehu,Skeene,jskeene9g@geocities.com,Male,127.6.242.104
1442,Vernice,Frunks,vfrunks9h@amazon.co.jp,Female,14.211.237.19
1443,Mariel,Donneely,mdonneely9i@wsj.com,Female,7.80.97.45
1444,Marget,Teacy,mteacy9j@wikimedia.org,Polygender,160.220.59.141
1445,Kimberley,MacNab,kmacnab9k@yandex.ru,Female,139.36.102.1
1446,Neila,Cownden,ncownden9l@nifty.com,Female,29.57.2.211
1447,Georgianna,Adlam,gadlam9m@infoseek.co.jp,Female,84.70.243.62
1448,Bidget,Dinnies,bdinnies9n@jiathis.com,Female,78.145.93.14
1449,Jamie,Lemm,jlemm9o@skyrock.com,Male,250.157.77.12
1450,Kesley,Whilde,kwhilde9p@ovh.net,Female,156.112.199.233
1451,Emyle,Siddens,esiddens9q@hibu.com,Female,34.57.17.36
1452,Lizette,Raatz,lraatz9r@privacy.gov.au,Female,157.186.61.111
1453,Emalee,Ughi,eughi9s@google.nl,Female,188.169.178.227
1454,Alecia,Slayny,aslayny9t@ftc.gov,Female,223.53.219.17
1455,Cross,Kidds,ckidds9u@cnn.com,Male,133.187.91.68
1456,Louis,Craythorn,lcraythorn9v@cdbaby.com,Male,181.147.47.120
1457,Coriss,McCaughren,cmccaughren9w@tinyurl.com,Female,2.132.120.49
1458,Tedie,Lukianovich,tlukianovich9x@istockphoto.com,Male,24.213.195.137
1459,Staffard,Challis,schallis9y@loc.gov,Male,209.37.71.95
1460,Terry,Di Frisco,tdifrisco9z@ehow.com,Non-binary,236.234.12.129
1461,Kimball,Leppo,kleppoa0@japanpost.jp,Male,108.74.196.88
1462,Woodrow,Korf,wkorfa1@newsvine.com,Male,39.77.80.197
1463,Phil,Presdie,ppresdiea2@dot.gov,Male,34.3.162.30
1464,Christian,Tabbernor,ctabbernora3@ca.gov,Male,69.173.143.63
1465,Adelind,Wolfinger,awolfingera4@ycombinator.com,Female,130.237.128.73
1466,Georgi,Lathy,glathya5@amazon.co.uk,Male,183.21.192.22
1467,Olly,Estcourt,oestcourta6@cdbaby.com,Female,125.249.202.92
1468,Dun,Prayer,dprayera7@w3.org,Male,28.110.2.75
1469,Sal,Eblein,sebleina8@live.com,Male,88.127.107.91
1470,Elberta,Lemarie,elemariea9@elpais.com,Female,7.118.234.63
1471,Micheal,Chevolleau,mchevolleauaa@squidoo.com,Male,42.92.156.1
1472,Isabelle,Belli,ibelliab@mit.edu,Female,165.179.189.216
1473,Ignacius,Povall,ipovallac@cnn.com,Genderqueer,236.46.19.247
1474,Larina,Archbould,larchbouldad@deviantart.com,Female,71.180.227.150
1475,Warden,Stables,wstablesae@1688.com,Polygender,132.117.183.14
1476,Consalve,Kruschev,ckruschevaf@altervista.org,Male,127.12.149.87
1477,Yardley,Cowherd,ycowherdag@intel.com,Male,90.3.205.119
1478,Jacques,Arunowicz,jarunowiczah@blog.com,Non-binary,54.1.105.203
1479,Boyce,Knowling,bknowlingai@fda.gov,Male,30.3.149.173
1480,Gris,Pedrazzi,gpedrazziaj@joomla.org,Male,100.23.130.27
1481,Bartel,Matthai,bmatthaiak@ft.com,Male,65.197.131.73
1482,Willdon,Costigan,wcostiganal@uol.com.br,Male,129.181.203.57
1483,Hymie,Barense,hbarenseam@canalblog.com,Male,29.30.179.148
1484,Sheppard,Pearmain,spearmainan@g.co,Male,248.103.185.221
1485,Nicky,Kordes,nkordesao@hud.gov,Female,252.153.192.199
1486,Inga,Marques,imarquesap@linkedin.com,Female,11.31.77.48
1487,Antoni,Kenion,akenionaq@a8.net,Male,50.236.65.8
1488,Michele,Kyme,mkymear@mozilla.com,Female,224.157.53.193
1489,Baillie,Rosenbush,brosenbushas@oakley.com,Male,7.55.246.69
1490,Carmelle,Wycliffe,cwycliffeat@naver.com,Female,247.157.74.166
1491,Juliana,Vitet,jvitetau@irs.gov,Female,116.68.64.97
1492,Gwenette,Mongain,gmongainav@loc.gov,Female,103.227.142.10
1493,Grange,Izkovicz,gizkoviczaw@1und1.de,Male,24.220.0.174
1494,Gaynor,Jendas,gjendasax@shutterfly.com,Female,1.121.166.64
1495,Jane,Dreschler,jdreschleray@ebay.com,Female,36.125.113.22
1496,Devin,Jerrand,djerrandaz@buzzfeed.com,Male,213.213.65.194
1497,Laird,D'orsay,ldorsayb0@japanpost.jp,Male,105.157.75.226
1498,Aviva,Kellog,akellogb1@timesonline.co.uk,Female,47.183.210.159
1499,Nanny,Medforth,nmedforthb2@webs.com,Female,255.84.39.119
1500,Danya,Raubenheimers,draubenheimersb3@comcast.net,Male,157.61.44.99
1501,Erie,Evison,eevisonb4@independent.co.uk,Male,110.154.104.19
1502,Starlene,Di Ruggiero,sdiruggierob5@jugem.jp,Female,3.144.8.245
1503,Kristoforo,Bloy,kbloyb6@omniture.com,Agender,111.34.98.170
1504,Madelle,Sturzaker,msturzakerb7@cbslocal.com,Female,235.143.22.117
1505,Rebecka,Bilham,rbilhamb8@businesswire.com,Female,143.223.75.214
1506,Aguie,Astridge,aastridgeb9@businessweek.com,Male,149.177.230.24
1507,Nikola,Quickenden,nquickendenba@blogger.com,Male,224.142.53.29
1508,Son,Bogays,sbogaysbb@ft.com,Male,14.113.110.121
1509,Fanchon,Gage,fgagebc@a8.net,Bigender,216.132.234.38
1510,Jeffy,Peak,jpeakbd@tuttocitta.it,Male,231.232.234.83
1511,Thurston,Worshall,tworshallbe@joomla.org,Male,20.109.142.188
1512,Lorant,Danielli,ldaniellibf@netvibes.com,Male,106.202.23.122
1513,Rufus,Castagnet,rcastagnetbg@tinypic.com,Male,189.54.141.109
1514,Laverne,Evanson,levansonbh@about.me,Non-binary,107.185.83.182
1515,Dwain,Le Moucheux,dlemoucheuxbi@patch.com,Male,62.133.99.171
1516,Fergus,Chipps,fchippsbj@photobucket.com,Male,206.182.17.96
1517,Kim,Sinson,ksinsonbk@sogou.com,Male,3.244.242.46
1518,Viva,Ducaen,vducaenbl@dot.gov,Female,15.216.11.127
1519,Giuditta,Mayne,gmaynebm@photobucket.com,Agender,18.251.115.142
1520,Sydney,Jemison,sjemisonbn@prnewswire.com,Male,47.111.33.77
1521,Harmon,Kaszper,hkaszperbo@sphinn.com,Male,153.13.166.214
1522,Lynn,Berriball,lberriballbp@digg.com,Female,144.21.138.238
1523,Adina,Jacmar,ajacmarbq@tamu.edu,Female,125.98.179.88
1524,Cortney,Quinion,cquinionbr@fc2.com,Female,46.7.61.62
1525,Bent,Briatt,bbriattbs@odnoklassniki.ru,Male,216.201.244.71
1526,Derek,Yallop,dyallopbt@prweb.com,Male,137.167.203.5
1527,Daniel,Oppy,doppybu@youtu.be,Male,194.106.64.237
1528,Georas,Eykelbosch,geykelboschbv@reuters.com,Male,110.187.51.172
1529,Tades,Dubble,tdubblebw@go.com,Male,48.144.239.166
1530,Pacorro,Adamoli,padamolibx@goodreads.com,Male,39.222.66.217
1531,Giralda,Folcarelli,gfolcarelliby@zdnet.com,Female,7.118.112.41
1532,Collete,Dominey,cdomineybz@ftc.gov,Polygender,106.201.130.151
1533,Dotti,Erbain,derbainc0@liveinternet.ru,Female,199.227.113.24
1534,Heidi,Kuhne,hkuhnec1@time.com,Non-binary,143.203.175.142
1535,Andree,Johananov,ajohananovc2@exblog.jp,Female,158.45.172.10
1536,Tedd,Renfield,trenfieldc3@cocolog-nifty.com,Male,163.55.62.217
1537,Paloma,Jacobsson,pjacobssonc4@boston.com,Female,168.17.1.237
1538,Latrena,MacKinnon,lmackinnonc5@gizmodo.com,Female,143.205.121.47
1539,Raphaela,Doumerc,rdoumercc6@skype.com,Polygender,30.51.236.172
1540,Alberto,Pay,apayc7@ycombinator.com,Male,168.39.195.247
1541,Consuelo,Ohanessian,cohanessianc8@over-blog.com,Female,18.91.160.155
1542,Rutger,Lehenmann,rlehenmannc9@washington.edu,Male,104.242.177.220
1543,Iggy,McKag,imckagca@state.gov,Male,164.29.238.99
1544,Rodolph,Wickey,rwickeycb@list-manage.com,Male,76.206.160.239
1545,Travus,Dickenson,tdickensoncc@huffingtonpost.com,Male,7.33.237.2
1546,Laurie,Dowsey,ldowseycd@wordpress.com,Polygender,217.59.198.27
1547,Mitchell,Lamburne,mlamburnece@merriam-webster.com,Male,191.89.7.24
1548,Lock,Summerbell,lsummerbellcf@forbes.com,Male,213.30.112.25
1549,Othello,Fearns,ofearnscg@eventbrite.com,Male,31.106.117.7
1550,Dexter,Josebury,djoseburych@constantcontact.com,Male,248.24.43.238
1551,Charmain,Yockley,cyockleyci@marriott.com,Female,78.251.77.246
1552,Fredrika,Pottes,fpottescj@hc360.com,Female,1.48.222.212
1553,Dennison,Whitney,dwhitneyck@nps.gov,Non-binary,116.230.236.41
1554,Tiebold,Jandl,tjandlcl@amazon.com,Male,119.6.47.128
1555,Kerwinn,Woolston,kwoolstoncm@wikimedia.org,Male,254.48.44.71
1556,Jolee,Hamshere,jhamsherecn@youtu.be,Female,150.218.226.221
1557,Neila,Bernaldez,nbernaldezco@imgur.com,Female,74.125.21.216
1558,Diannne,Engel,dengelcp@about.me,Female,48.191.149.123
1559,Myrta,Pavier,mpaviercq@github.com,Female,43.195.148.106
1560,Dennet,McClure,dmcclurecr@cocolog-nifty.com,Male,64.88.24.235
1561,Jesus,Skey,jskeycs@weather.com,Male,168.29.33.253
1562,Gerome,Cabel,gcabelct@vkontakte.ru,Bigender,44.18.251.107
1563,Teddi,How to preserve,thowtopreservecu@etsy.com,Female,159.38.139.17
1564,Corly,Radeliffe,cradeliffecv@usa.gov,Female,229.231.16.191
1565,Jarad,Logg,jloggcw@sourceforge.net,Male,102.184.200.148
1566,Tate,Gotcliffe,tgotcliffecx@simplemachines.org,Male,64.137.100.137
1567,Alfreda,Culmer,aculmercy@e-recht24.de,Female,226.178.35.106
1568,Nisse,Allston,nallstoncz@netlog.com,Female,105.167.85.115
1569,Merline,Winter,mwinterd0@telegraph.co.uk,Female,131.3.118.10
1570,Sarah,Champney,schampneyd1@infoseek.co.jp,Female,66.199.58.144
1571,Cozmo,Brosetti,cbrosettid2@usnews.com,Male,34.243.88.143
1572,Zea,Kloisner,zkloisnerd3@auda.org.au,Female,4.79.102.194
1573,Duffy,Adamides,dadamidesd4@mozilla.org,Male,113.148.83.76
1574,Conny,Loweth,clowethd5@qq.com,Female,205.116.231.107
1575,Alfie,Malan,amaland6@intel.com,Male,223.9.183.145
1576,Rog,Mottershaw,rmottershawd7@apache.org,Non-binary,161.16.52.225
1577,Idaline,Cammomile,icammomiled8@youtube.com,Female,96.132.240.126
1578,Caleb,Rupert,crupertd9@yandex.ru,Male,146.171.10.62
1579,Rosalynd,Dowsing,rdowsingda@vk.com,Female,147.181.142.242
1580,Ronnica,Derham,rderhamdb@de.vu,Female,52.57.153.89
1581,Timotheus,Rosenblath,trosenblathdc@microsoft.com,Male,200.127.170.113
1582,Adham,Le feaver,alefeaverdd@arizona.edu,Male,123.252.248.68
1583,Flossie,Pickvance,fpickvancede@craigslist.org,Agender,224.9.81.167
1584,Gennifer,MacGeaney,gmacgeaneydf@cbslocal.com,Female,118.124.129.221
1585,Chrissie,Boulton,cboultondg@craigslist.org,Male,218.179.57.208
1586,Joyann,Alf,jalfdh@ed.gov,Female,70.125.218.208
1587,Lucas,Dudding,lduddingdi@wix.com,Male,128.153.242.84
1588,Isidoro,Gow,igowdj@scribd.com,Male,62.158.161.192
1589,Ruprecht,Sprankling,rspranklingdk@people.com.cn,Male,145.41.41.35
1590,Morissa,Sekulla,msekulladl@myspace.com,Bigender,237.26.153.129
1591,Jannel,Knotton,jknottondm@com.com,Female,170.68.224.81
1592,Giusto,Tregidga,gtregidgadn@printfriendly.com,Male,216.120.120.21
1593,Jayme,Demicoli,jdemicolido@google.de,Genderfluid,61.93.204.28
1594,Clayborn,Geertje,cgeertjedp@indiatimes.com,Male,94.135.71.172
1595,Fina,Fiske,ffiskedq@japanpost.jp,Female,73.52.113.162
1596,Arte,Ridolfo,aridolfodr@issuu.com,Male,88.139.236.19
1597,Shay,Emmines,semminesds@toplist.cz,Male,155.79.229.68
1598,Roy,Kibbye,rkibbyedt@marriott.com,Male,36.144.105.76
1599,Batholomew,Jarrelt,bjarreltdu@google.es,Male,57.33.167.219
1600,Dallis,Pidgen,dpidgendv@eepurl.com,Male,136.71.55.249
1601,Candra,Haffard,chaffarddw@gov.uk,Female,64.66.21.155
1602,Gunner,Allerton,gallertondx@npr.org,Non-binary,98.124.238.135
1603,Meir,Bachmann,mbachmanndy@comsenz.com,Male,239.150.200.244
1604,Malorie,Danilyak,mdanilyakdz@godaddy.com,Female,237.218.145.231
1605,Fedora,Garner,fgarnere0@webmd.com,Female,46.38.72.111
1606,Damiano,Zebedee,dzebedeee1@cisco.com,Male,140.3.172.146
1607,Aharon,Bramich,abramiche2@wix.com,Male,181.255.79.253
1608,Geoffrey,Armiger,garmigere3@businessinsider.com,Male,91.64.26.252
1609,Zea,Sine,zsinee4@pcworld.com,Female,40.182.69.253
1610,Delainey,Lemin,dlemine5@1und1.de,Male,232.246.60.111
1611,Gerald,Andric,gandrice6@kickstarter.com,Male,220.178.187.239
1612,Omar,Voules,ovoulese7@ehow.com,Bigender,41.166.212.17
1613,Cecelia,Keoghan,ckeoghane8@paypal.com,Female,71.22.153.102
1614,Stillmann,Adamovitz,sadamovitze9@dailymotion.com,Male,78.208.207.254
1615,Rufe,Oller,rollerea@jalbum.net,Male,200.122.163.239
1616,Salvidor,Breeder,sbreedereb@studiopress.com,Male,38.91.132.153
1617,Serena,Murrison,smurrisonec@cloudflare.com,Female,55.83.203.32
1618,Gerladina,Scotson,gscotsoned@sogou.com,Female,31.73.53.253
1619,Tan,De Andreis,tdeandreisee@sogou.com,Bigender,23.31.151.249
1620,Philippine,McCumskay,pmccumskayef@mozilla.com,Bigender,114.42.115.104
1621,Chen,Bartolomeoni,cbartolomeonieg@unicef.org,Male,112.133.50.70
1622,Carolynn,Frisel,cfriseleh@rakuten.co.jp,Female,76.128.39.117
1623,Livy,Ben,lbenei@ft.com,Polygender,155.3.168.172
1624,Joscelin,Matskevich,jmatskevichej@sciencedirect.com,Female,108.255.154.168
1625,Baxy,Clapson,bclapsonek@reddit.com,Male,119.25.9.41
1626,Dore,Caile,dcaileel@admin.ch,Male,179.239.148.219
1627,Dianna,Georgeou,dgeorgeouem@ftc.gov,Female,77.187.167.84
1628,Debra,Harcarse,dharcarseen@discovery.com,Female,80.226.34.66
1629,Maurene,Esherwood,mesherwoodeo@opera.com,Female,9.134.147.153
1630,Bret,Potts,bpottsep@globo.com,Male,59.186.234.123
1631,Yolane,Peggram,ypeggrameq@t.co,Female,156.125.70.250
1632,Cristina,Haslam,chaslamer@nature.com,Female,249.28.132.29
1633,Alyson,Sarfati,asarfaties@nih.gov,Female,61.231.69.213
1634,Lawton,Jope,ljopeet@weibo.com,Male,182.56.137.237
1635,Brigit,Silverston,bsilverstoneu@intel.com,Female,26.173.34.22
1636,Gran,McCard,gmccardev@bbc.co.uk,Male,214.126.242.237
1637,Latrina,Harriman,lharrimanew@exblog.jp,Female,83.193.242.62
1638,Valentia,Crinkley,vcrinkleyex@ning.com,Female,221.9.170.240
1639,Raddy,Tilberry,rtilberryey@time.com,Male,115.224.218.180
1640,Jim,Ullyatt,jullyattez@google.fr,Male,60.24.158.195
1641,Delora,Bembrigg,dbembriggf0@wired.com,Female,140.24.220.182
1642,Glenda,Balfour,gbalfourf1@theguardian.com,Female,204.187.185.146
1643,Nerte,Antley,nantleyf2@sun.com,Bigender,104.249.55.85
1644,Tracy,Hollidge,thollidgef3@gravatar.com,Male,114.58.228.87
1645,Erhard,Scones,esconesf4@furl.net,Male,88.206.121.77
1646,Annalee,Cotgrove,acotgrovef5@nsw.gov.au,Genderqueer,223.102.78.177
1647,Jorrie,Pavie,jpavief6@yahoo.co.jp,Female,75.107.14.36
1648,Dell,Pretsell,dpretsellf7@moonfruit.com,Male,163.149.49.38
1649,Babbie,Willsmore,bwillsmoref8@gmpg.org,Female,145.118.110.118
1650,Evelin,Passler,epasslerf9@technorati.com,Male,234.20.237.13
1651,Desdemona,Adel,dadelfa@google.ru,Female,192.4.70.139
1652,Jaimie,Betz,jbetzfb@topsy.com,Polygender,213.170.102.11
1653,Marysa,Slator,mslatorfc@skype.com,Female,190.49.231.56
1654,Kile,Fullalove,kfullalovefd@boston.com,Male,19.97.244.113
1655,Dav,Cockin,dcockinfe@pen.io,Male,211.52.87.143
1656,Ted,Derrington,tderringtonff@prnewswire.com,Male,118.251.8.232
1657,Clem,Polhill,cpolhillfg@miitbeian.gov.cn,Male,172.25.67.123
1658,Kacey,Hillan,khillanfh@sina.com.cn,Female,61.204.156.159
1659,Benson,Paye,bpayefi@sbwire.com,Male,91.85.236.11
1660,Hermine,Bertelet,hberteletfj@constantcontact.com,Female,246.178.126.15
1661,Kinny,Gaunt,kgauntfk@msu.edu,Male,90.112.115.224
1662,Bobinette,Mengue,bmenguefl@wiley.com,Female,70.20.169.254
1663,Margalo,Ledford,mledfordfm@guardian.co.uk,Female,33.93.148.108
1664,Nikaniki,Harral,nharralfn@technorati.com,Female,124.60.3.156
1665,Palm,Mothersole,pmothersolefo@themeforest.net,Male,191.216.253.174
1666,Audre,Pidgley,apidgleyfp@fotki.com,Female,146.69.105.103
1667,Othelia,Skentelbery,oskentelberyfq@reuters.com,Agender,181.214.194.220
1668,Lenora,Rowlett,lrowlettfr@linkedin.com,Female,151.177.216.47
1669,Henry,Brisker,hbriskerfs@mashable.com,Male,119.131.110.158
1670,Gradey,Pastor,gpastorft@mlb.com,Male,118.169.247.33
1671,Aristotle,Comello,acomellofu@ibm.com,Male,196.119.130.190
1672,Field,Wincom,fwincomfv@moonfruit.com,Male,37.243.26.188
1673,Etti,Rominov,erominovfw@dmoz.org,Female,92.239.227.148
1674,Olia,O'Loghlen,oologhlenfx@domainmarket.com,Female,47.70.120.214
1675,Delainey,MacQueen,dmacqueenfy@tripod.com,Male,70.198.185.124
1676,Jacqui,Kinastan,jkinastanfz@va.gov,Female,88.26.68.8
1677,Nina,Balhatchet,nbalhatchetg0@accuweather.com,Female,107.146.220.103
1678,Mack,Dallin,mdalling1@miitbeian.gov.cn,Male,136.182.19.251
1679,Eleni,Henstone,ehenstoneg2@washingtonpost.com,Female,49.171.112.45
1680,Lester,Labern,llaberng3@noaa.gov,Male,107.193.74.209
1681,Karlotta,Oats,koatsg4@army.mil,Female,247.163.198.63
1682,Nathalie,Deetlefs,ndeetlefsg5@ehow.com,Female,207.250.115.249
1683,Lionello,Copland,lcoplandg6@gravatar.com,Male,196.134.221.77
1684,Donetta,Lantoph,dlantophg7@vistaprint.com,Female,15.134.210.105
1685,Elane,Gamon,egamong8@dion.ne.jp,Female,5.104.101.80
1686,Simona,Molen,smoleng9@hugedomains.com,Female,91.126.141.28
1687,Melosa,Birley,mbirleyga@infoseek.co.jp,Female,91.88.75.155
1688,Demetra,Kehir,dkehirgb@msu.edu,Female,8.131.96.240
1689,Robinette,Syphus,rsyphusgc@nature.com,Female,157.13.3.33
1690,Darbie,Agerskow,dagerskowgd@weebly.com,Female,139.244.246.239
1691,Milissent,Hargerie,mhargeriege@shop-pro.jp,Female,45.160.93.8
1692,Mahmoud,Lammertz,mlammertzgf@oakley.com,Male,113.48.242.0
1693,Noby,Claricoates,nclaricoatesgg@geocities.com,Male,237.198.221.87
1694,Kittie,Slimings,kslimingsgh@bloglovin.com,Female,244.125.99.196
1695,Hastie,Berriman,hberrimangi@springer.com,Male,148.228.129.116
1696,Martynne,Puckett,mpuckettgj@ocn.ne.jp,Female,195.254.103.207
1697,Ruthie,Mary,rmarygk@nature.com,Female,84.249.232.244
1698,Bobbette,Ritchman,britchmangl@histats.com,Female,151.137.3.69
1699,Phillie,Criag,pcriaggm@clickbank.net,Female,246.16.188.43
1700,Filbert,Eglinton,feglintongn@cyberchimps.com,Male,216.229.214.76
1701,Cindra,Davenhall,cdavenhallgo@parallels.com,Female,4.215.0.175
1702,Lamar,Doerrling,ldoerrlinggp@chicagotribune.com,Male,142.159.40.97
1703,Giselle,O'Loinn,goloinngq@state.tx.us,Female,109.71.15.128
1704,Lamar,Nolton,lnoltongr@blogtalkradio.com,Male,163.246.230.75
1705,Creighton,Gouldeby,cgouldebygs@eventbrite.com,Male,179.185.16.152
1706,Gerick,Pellant,gpellantgt@theatlantic.com,Male,251.45.53.237
1707,Chad,Devall,cdevallgu@rambler.ru,Female,210.200.225.125
1708,Bess,Mariette,bmariettegv@adobe.com,Female,211.201.184.68
1709,Kerry,Jentzsch,kjentzschgw@google.co.jp,Female,162.147.22.202
1710,Jeff,Earingey,jearingeygx@mysql.com,Male,99.153.161.41
1711,Christopher,Kivell,ckivellgy@pagesperso-orange.fr,Male,67.163.132.87
1712,Megan,Farrears,mfarrearsgz@washingtonpost.com,Bigender,89.244.172.63
1713,Gregorius,Mander,gmanderh0@bizjournals.com,Male,108.184.44.92
1714,Ebenezer,Caught,ecaughth1@istockphoto.com,Male,47.113.15.156
1715,Johannah,Esherwood,jesherwoodh2@ft.com,Female,203.221.171.122
1716,Donella,Spritt,dspritth3@ed.gov,Polygender,120.28.56.185
1717,Eveline,Leadbitter,eleadbitterh4@zimbio.com,Female,212.64.241.26
1718,Dorey,Rosingdall,drosingdallh5@altervista.org,Female,173.238.6.230
1719,Annmaria,Logsdale,alogsdaleh6@home.pl,Female,103.15.189.179
1720,Tam,Roelofs,troelofsh7@ox.ac.uk,Male,245.26.48.138
1721,Ewell,Lavrick,elavrickh8@princeton.edu,Male,6.83.23.89
1722,Beale,Abthorpe,babthorpeh9@tripadvisor.com,Male,127.74.36.86
1723,Roxane,Campelli,rcampelliha@usnews.com,Female,87.180.96.78
1724,Bertram,Dummer,bdummerhb@google.cn,Male,41.173.124.0
1725,Alicea,Tesauro,atesaurohc@ifeng.com,Female,7.206.225.214
1726,Cristionna,Glasscott,cglasscotthd@bizjournals.com,Female,188.149.167.211
1727,Darrell,Bullivant,dbullivanthe@miitbeian.gov.cn,Male,210.218.143.164
1728,Haley,Ivanishev,hivanishevhf@tumblr.com,Male,165.69.206.112
1729,Allis,Davidescu,adavidescuhg@delicious.com,Female,116.185.11.87
1730,Cristina,Gilardengo,cgilardengohh@networkadvertising.org,Female,201.93.62.197
1731,Kellen,Crannach,kcrannachhi@bloglovin.com,Female,105.55.20.186
1732,Bogart,Strugnell,bstrugnellhj@discuz.net,Male,3.63.198.108
1733,Vikki,Doggart,vdoggarthk@bing.com,Female,185.43.136.152
1734,Darin,Kaindl,dkaindlhl@de.vu,Male,92.201.219.133
1735,Aurthur,Rounsefull,arounsefullhm@mozilla.org,Male,146.210.207.151
1736,Olly,Vallance,ovallancehn@scientificamerican.com,Male,158.132.154.57
1737,Selby,Dealy,sdealyho@tripadvisor.com,Male,15.35.148.175
1738,Konstanze,McLemon,kmclemonhp@scribd.com,Female,132.218.121.198
1739,Brenden,Southgate,bsouthgatehq@google.com.au,Male,21.100.101.133
1740,Juline,Cato,jcatohr@over-blog.com,Female,139.238.188.120
1741,Kort,Ennals,kennalshs@wsj.com,Male,36.180.51.99
1742,Addia,Navein,anaveinht@alibaba.com,Female,201.116.58.234
1743,Franni,Beachem,fbeachemhu@homestead.com,Female,191.28.44.38
1744,Koressa,Shernock,kshernockhv@issuu.com,Female,11.202.15.49
1745,Gilbert,Woodall,gwoodallhw@businessweek.com,Male,66.124.2.235
1746,Leonelle,Buglar,lbuglarhx@soundcloud.com,Female,102.6.52.111
1747,Naomi,Banbrigge,nbanbriggehy@tuttocitta.it,Female,73.95.176.46
1748,Finley,Godfery,fgodferyhz@google.pl,Male,191.238.241.75
1749,Guillema,Greenshiels,ggreenshielsi0@flickr.com,Female,62.82.233.114
1750,Lily,Hakey,lhakeyi1@livejournal.com,Female,94.158.128.223
1751,Joel,Pantecost,jpantecosti2@google.de,Male,73.51.148.169
1752,Norby,Pesek,npeseki3@comsenz.com,Male,157.38.151.53
1753,Alister,Landeaux,alandeauxi4@ustream.tv,Male,21.64.236.209
1754,Rubin,Doag,rdoagi5@360.cn,Male,193.205.249.55
1755,Roslyn,Duxfield,rduxfieldi6@prlog.org,Female,68.72.187.94
1756,Killy,Snowdon,ksnowdoni7@senate.gov,Male,115.61.91.166
1757,Artur,Burchill,aburchilli8@comcast.net,Male,211.80.68.237
1758,Erma,Paylie,epayliei9@pbs.org,Female,11.145.249.1
1759,Leonidas,Jefferd,ljefferdia@army.mil,Male,50.202.30.241
1760,Helenka,Dulson,hdulsonib@sina.com.cn,Female,186.168.31.49
1761,Jocelin,Canadine,jcanadineic@msu.edu,Female,251.251.248.247
1762,Corty,Zambon,czambonid@yolasite.com,Non-binary,204.254.7.42
1763,Mac,Stearns,mstearnsie@yelp.com,Male,124.144.119.6
1764,Emera,Baccup,ebaccupif@hao123.com,Female,199.250.62.173
1765,Jenelle,Vecard,jvecardig@foxnews.com,Female,105.108.88.234
1766,Reinwald,Gainsburgh,rgainsburghih@last.fm,Male,157.159.211.218
1767,Terry,Bosomworth,tbosomworthii@disqus.com,Male,54.248.223.175
1768,Idette,Doerr,idoerrij@flickr.com,Polygender,46.194.74.179
1769,Lynn,Danko,ldankoik@gmpg.org,Female,65.217.104.47
1770,Betteann,Lunn,blunnil@deviantart.com,Polygender,201.192.68.87
1771,Lidia,Hinken,lhinkenim@smh.com.au,Female,76.128.62.95
1772,Giorgio,Commusso,gcommussoin@jimdo.com,Male,195.236.165.44
1773,Stanislaus,Wile,swileio@1und1.de,Male,30.141.89.86
1774,Rey,Dyter,rdyterip@kickstarter.com,Female,179.159.231.64
1775,Camille,Lightbody,clightbodyiq@gov.uk,Female,130.159.171.55
1776,Ulberto,Faulkes,ufaulkesir@wordpress.org,Male,145.67.100.22
1777,Sidnee,Traynor,straynoris@clickbank.net,Male,121.136.222.140
1778,Guthrey,Awton,gawtonit@pinterest.com,Male,183.45.16.139
1779,Monroe,Jakubiak,mjakubiakiu@nytimes.com,Male,82.188.168.129
1780,Shoshanna,Rusling,sruslingiv@netscape.com,Female,248.233.176.35
1781,Pearla,Farfolomeev,pfarfolomeeviw@networkadvertising.org,Female,68.25.74.244
1782,Lowe,Hugonet,lhugonetix@apache.org,Male,193.144.15.124
1783,Philipa,Ollier,pollieriy@latimes.com,Female,240.90.91.73
1784,Federica,Jopling,fjoplingiz@xing.com,Female,90.62.132.138
1785,Lebbie,Plinck,lplinckj0@mtv.com,Female,225.50.52.196
1786,Ellyn,Robecon,erobeconj1@vistaprint.com,Female,92.152.202.219
1787,Lydon,Grodden,lgroddenj2@theguardian.com,Male,220.63.156.141
1788,Engelbert,Glenister,eglenisterj3@dmoz.org,Male,158.4.136.39
1789,Hugues,Theriot,htheriotj4@utexas.edu,Male,127.242.51.123
1790,Elia,Corkhill,ecorkhillj5@smugmug.com,Male,127.163.254.235
1791,Elbertine,Skeldinge,eskeldingej6@discovery.com,Female,151.86.229.21
1792,Davidde,Doull,ddoullj7@naver.com,Male,55.36.14.82
1793,Collie,Vasilmanov,cvasilmanovj8@intel.com,Female,50.223.242.191
1794,Rudolfo,Deuss,rdeussj9@spiegel.de,Male,30.147.138.51
1795,Beverly,Heijnen,bheijnenja@indiatimes.com,Female,90.91.65.98
1796,Chelsae,Rolfi,crolfijb@wisc.edu,Female,104.163.52.77
1797,Avie,Shropsheir,ashropsheirjc@amazon.co.jp,Female,83.89.115.30
1798,Elladine,Cohn,ecohnjd@slate.com,Female,142.174.163.96
1799,Marta,Croley,mcroleyje@ifeng.com,Female,252.40.126.74
1800,Giorgi,Tideswell,gtideswelljf@altervista.org,Genderfluid,45.243.62.112
1801,Othelia,Borsay,oborsayjg@ihg.com,Female,218.249.1.23
1802,Elle,Pfeifer,epfeiferjh@bloglovin.com,Genderqueer,16.225.227.159
1803,Lenci,Adair,ladairji@blogspot.com,Male,216.132.87.24
1804,Phineas,Heater,pheaterjj@ox.ac.uk,Male,117.114.194.1
1805,Kristine,Neame,kneamejk@wikia.com,Female,229.221.52.12
1806,Dasha,Rawsthorne,drawsthornejl@barnesandnoble.com,Female,49.202.59.235
1807,Valina,Foad,vfoadjm@springer.com,Female,0.167.237.178
1808,Elle,Smurfit,esmurfitjn@goo.ne.jp,Female,252.255.113.143
1809,Emiline,Schoffel,eschoffeljo@nymag.com,Female,80.32.202.242
1810,Thoma,Berthe,tberthejp@businessinsider.com,Male,184.16.225.98
1811,Holli,Birchenhead,hbirchenheadjq@ezinearticles.com,Female,178.112.134.35
1812,Jodi,O'Roan,joroanjr@webnode.com,Male,234.231.130.39
1813,Reinald,Marzelle,rmarzellejs@stumbleupon.com,Male,241.2.249.84
1814,Tina,Stennard,tstennardjt@mediafire.com,Female,13.208.255.251
1815,Travus,Blandamore,tblandamoreju@qq.com,Male,83.225.228.200
1816,Brenna,Mowsley,bmowsleyjv@freewebs.com,Female,48.249.61.67
1817,Wainwright,Castagnone,wcastagnonejw@hostgator.com,Male,143.33.204.112
1818,Vivianne,Cowans,vcowansjx@imgur.com,Female,253.134.2.142
1819,Abbey,McFaell,amcfaelljy@issuu.com,Male,198.254.11.149
1820,Vikki,Lamcken,vlamckenjz@sina.com.cn,Female,251.198.208.158
1821,Sonnie,Irnis,sirnisk0@mediafire.com,Female,69.199.5.47
1822,Matty,Rickertsen,mrickertsenk1@ehow.com,Male,127.183.49.5
1823,Ivar,Lapworth,ilapworthk2@usatoday.com,Male,142.142.129.105
1824,Sarette,Hollingsby,shollingsbyk3@umich.edu,Genderqueer,149.5.247.200
1825,Lora,Bathoe,lbathoek4@godaddy.com,Female,234.65.253.153
1826,Madella,Borkett,mborkettk5@umich.edu,Female,221.149.30.180
1827,Obadias,Simonini,osimoninik6@phoca.cz,Male,108.0.194.123
1828,Desmund,Hagley,dhagleyk7@elegantthemes.com,Male,135.91.159.190
1829,Clementine,Connock,cconnockk8@gmpg.org,Female,208.123.231.8
1830,Charlton,Drinkel,cdrinkelk9@apple.com,Male,110.147.82.190
1831,Garrek,Hornig,ghornigka@trellian.com,Male,235.143.109.151
1832,Connie,Cribbin,ccribbinkb@yolasite.com,Genderqueer,74.7.236.130
1833,Harriet,Wittman,hwittmankc@answers.com,Female,252.84.167.13
1834,Niki,Lillistone,nlillistonekd@ucoz.com,Female,197.200.81.48
1835,Any,Robers,aroberske@xing.com,Male,16.213.31.99
1836,Georgie,Brookshaw,gbrookshawkf@mit.edu,Female,212.113.171.184
1837,Alia,Daens,adaenskg@earthlink.net,Female,44.202.214.61
1838,Cindra,Pearse,cpearsekh@dedecms.com,Female,69.121.164.146
1839,Norri,Anslow,nanslowki@tripadvisor.com,Female,87.131.11.50
1840,Sheryl,Isaacson,sisaacsonkj@phpbb.com,Female,254.108.104.131
1841,Blake,Longforth,blongforthkk@hao123.com,Non-binary,102.172.21.152
1842,Teressa,Rowden,trowdenkl@guardian.co.uk,Female,63.133.99.250
1843,Wanda,Ducarel,wducarelkm@statcounter.com,Female,51.37.219.186
1844,Matilde,Meggison,mmeggisonkn@posterous.com,Polygender,186.152.204.151
1845,Danette,Gino,dginoko@amazon.co.uk,Female,78.77.223.44
1846,Alec,Hulmes,ahulmeskp@disqus.com,Male,58.143.56.43
1847,Sheffy,Guage,sguagekq@yale.edu,Male,254.222.87.1
1848,Garrik,de Clerc,gdeclerckr@prlog.org,Male,93.70.94.69
1849,Freddi,Masser,fmasserks@barnesandnoble.com,Genderqueer,49.190.244.40
1850,Inness,Olcot,iolcotkt@discuz.net,Male,186.249.14.104
1851,Petra,Squirrel,psquirrelku@reference.com,Female,92.4.132.235
1852,Karylin,Mears,kmearskv@intel.com,Female,246.46.132.233
1853,Aguste,Statersfield,astatersfieldkw@forbes.com,Male,144.117.220.23
1854,Donall,Ulyet,dulyetkx@yellowbook.com,Male,218.15.52.164
1855,Barton,Sicely,bsicelyky@pbs.org,Genderqueer,80.251.216.73
1856,Quintina,Bedle,qbedlekz@smh.com.au,Female,174.195.129.191
1857,Schuyler,Brearty,sbreartyl0@harvard.edu,Male,46.237.9.58
1858,Gena,Lesley,glesleyl1@epa.gov,Female,83.236.198.220
1859,Alfonso,Ricardou,aricardoul2@google.co.uk,Male,20.36.98.183
1860,Victoria,Laybourn,vlaybournl3@slashdot.org,Female,236.213.55.130
1861,Madlin,Stephenson,mstephensonl4@webs.com,Female,72.0.124.49
1862,Olia,Coste,ocostel5@vkontakte.ru,Female,16.251.140.205
1863,Ode,Pirelli,opirellil6@stumbleupon.com,Male,203.96.0.28
1864,Quint,Cund,qcundl7@aol.com,Male,66.140.193.158
1865,Ashly,Stockle,astocklel8@wunderground.com,Female,204.216.31.68
1866,Arliene,Larchier,alarchierl9@bloglovin.com,Female,157.200.0.136
1867,Benedetto,McVicar,bmcvicarla@webeden.co.uk,Male,199.220.238.42
1868,Nerta,Wager,nwagerlb@eepurl.com,Genderqueer,27.153.6.157
1869,Almeda,Fawdry,afawdrylc@netlog.com,Female,160.199.135.37
1870,Roshelle,Hardistry,rhardistryld@jimdo.com,Female,238.225.29.80
1871,Angelika,Losseljong,alosseljongle@columbia.edu,Female,245.96.174.150
1872,Aline,Linger,alingerlf@mediafire.com,Female,6.104.205.207
1873,Henri,Craw,hcrawlg@ning.com,Male,138.199.16.1
1874,Kaleb,Hearst,khearstlh@ehow.com,Male,125.169.48.115
1875,Harold,Kareman,hkaremanli@yellowbook.com,Male,166.87.77.232
1876,Sancho,Barabich,sbarabichlj@howstuffworks.com,Male,71.23.140.91
1877,Hunter,Limpertz,hlimpertzlk@acquirethisname.com,Male,111.64.100.28
1878,Stoddard,Stooders,sstoodersll@macromedia.com,Female,230.125.186.144
1879,Marsha,Joynes,mjoyneslm@wordpress.org,Female,80.173.41.154
1880,Lenna,Bristoe,lbristoeln@redcross.org,Female,145.169.150.167
1881,Mose,Brownsmith,mbrownsmithlo@wikispaces.com,Non-binary,211.101.173.17
1882,Amery,Jenking,ajenkinglp@studiopress.com,Male,116.140.40.249
1883,Dallis,Barsham,dbarshamlq@phpbb.com,Male,155.195.35.247
1884,Jackie,Beswetherick,jbeswethericklr@slashdot.org,Male,42.29.201.68
1885,Chrisy,Corlett,ccorlettls@ebay.co.uk,Male,14.27.197.207
1886,Juditha,Nystrom,jnystromlt@imdb.com,Female,89.54.187.53
1887,Skell,Bussel,sbussellu@blogspot.com,Male,215.18.250.193
1888,Lark,Oleszkiewicz,loleszkiewiczlv@nydailynews.com,Female,58.73.23.191
1889,Annnora,Keays,akeayslw@mapy.cz,Female,210.195.205.128
1890,Marve,Herche,mherchelx@yellowpages.com,Male,107.46.30.45
1891,Dorita,Eymer,deymerly@cmu.edu,Female,244.52.229.229
1892,Milicent,Alywin,malywinlz@storify.com,Female,49.122.228.235
1893,Leone,Pettingall,lpettingallm0@constantcontact.com,Female,23.232.236.53
1894,Merl,Midghall,mmidghallm1@delicious.com,Genderqueer,62.146.141.82
1895,Morrie,Cakebread,mcakebreadm2@yandex.ru,Male,206.145.52.28
1896,Lalo,Checkley,lcheckleym3@woothemes.com,Male,98.59.58.126
1897,Glyn,Heyward,gheywardm4@statcounter.com,Male,209.186.153.180
1898,Myer,McCuish,mmccuishm5@ca.gov,Male,218.252.248.9
1899,Lori,Ellen,lellenm6@adobe.com,Genderqueer,4.209.231.164
1900,Jocelyne,Eate,jeatem7@newsvine.com,Female,197.185.157.135
1901,Calida,Sherborne,csherbornem8@rediff.com,Female,10.246.199.24
1902,Brandie,Antalffy,bantalffym9@pen.io,Female,122.42.163.216
1903,Jacki,Terrell,jterrellma@edublogs.org,Female,179.175.2.183
1904,Jenni,Filyashin,jfilyashinmb@google.ca,Female,22.13.127.42
1905,Casey,Haking,chakingmc@cdc.gov,Male,210.21.233.243
1906,Sean,Venney,svenneymd@sbwire.com,Male,226.225.98.199
1907,Godfree,Sinnott,gsinnottme@friendfeed.com,Male,92.91.253.209
1908,Miriam,Bugbee,mbugbeemf@reuters.com,Female,173.241.171.154
1909,Nita,Byk,nbykmg@huffingtonpost.com,Female,114.75.26.96
1910,Lowell,Polak,lpolakmh@jigsy.com,Male,134.237.87.116
1911,Gisele,Portsmouth,gportsmouthmi@ucla.edu,Female,73.145.155.222
1912,Kailey,Chewter,kchewtermj@desdev.cn,Female,51.250.65.97
1913,Tilly,Meader,tmeadermk@utexas.edu,Female,249.254.220.129
1914,Starla,Dupre,sdupreml@dedecms.com,Genderqueer,175.108.174.152
1915,Barby,Moro,bmoromm@yahoo.com,Female,247.61.191.122
1916,Jimmy,Torrisi,jtorrisimn@e-recht24.de,Male,87.66.28.124
1917,Gian,Prestidge,gprestidgemo@scribd.com,Male,48.61.23.69
1918,Leif,Mardee,lmardeemp@spotify.com,Male,108.70.45.26
1919,Issiah,Kohneke,ikohnekemq@msu.edu,Male,219.18.29.173
1920,Boris,Wickersham,bwickershammr@marriott.com,Male,181.232.157.65
1921,Carita,Klarzynski,cklarzynskims@digg.com,Female,174.34.227.30
1922,Artur,Linguard,alinguardmt@nydailynews.com,Male,245.245.228.179
1923,Jazmin,Feak,jfeakmu@ca.gov,Female,134.244.85.96
1924,Harlie,Clunie,hcluniemv@about.com,Female,70.168.233.145
1925,Valeria,Hartrick,vhartrickmw@sohu.com,Female,31.86.163.142
1926,Skylar,Massei,smasseimx@ftc.gov,Male,41.122.191.182
1927,Sallyanne,Bruinsma,sbruinsmamy@nyu.edu,Female,105.145.169.247
1928,Petr,Reitenbach,preitenbachmz@imageshack.us,Male,249.158.110.53
1929,Peterus,Faas,pfaasn0@howstuffworks.com,Polygender,17.236.23.185
1930,Cherey,Hooke,chooken1@adobe.com,Female,75.22.211.157
1931,Cullie,Bumphries,cbumphriesn2@unblog.fr,Male,199.45.202.167
1932,Kary,Coils,kcoilsn3@privacy.gov.au,Female,52.211.236.180
1933,Elena,Rentoll,erentolln4@youtu.be,Female,125.170.203.20
1934,Kellen,Spilisy,kspilisyn5@tumblr.com,Female,92.86.61.56
1935,Maridel,Cowles,mcowlesn6@nyu.edu,Female,253.49.248.166
1936,Hayward,Gare,hgaren7@slideshare.net,Male,9.247.101.31
1937,Dollie,Chimes,dchimesn8@sun.com,Female,47.216.169.203
1938,Rupert,Keppe,rkeppen9@mashable.com,Male,167.217.209.1
1939,Blakelee,Wordsworth,bwordsworthna@tripod.com,Female,175.195.88.40
1940,Timothy,Crees,tcreesnb@yahoo.co.jp,Male,236.243.26.12
1941,Emanuel,Westby,ewestbync@spiegel.de,Male,33.196.2.244
1942,Boote,Aked,bakednd@usa.gov,Male,90.242.216.88
1943,Hamid,Sabbin,hsabbinne@mysql.com,Male,106.244.250.166
1944,Bordy,Trowel,btrowelnf@dell.com,Male,128.46.48.238
1945,Cherrita,Simister,csimisterng@unc.edu,Female,53.64.236.227
1946,Saloma,Powe,spowenh@alexa.com,Female,48.32.218.233
1947,Shepard,Stoddard,sstoddardni@histats.com,Male,195.74.110.172
1948,Lawrence,Stapells,lstapellsnj@google.it,Male,107.206.44.219
1949,Drugi,Darcy,ddarcynk@msu.edu,Male,35.29.193.17
1950,Prue,Groger,pgrogernl@google.com,Female,217.108.10.233
1951,Dorry,Monk,dmonknm@google.fr,Female,110.173.193.68
1952,Shandra,Rousel,srouselnn@un.org,Female,31.236.58.54
1953,Faulkner,Thraves,fthravesno@youku.com,Male,245.66.20.212
1954,Florence,Nulty,fnultynp@networkadvertising.org,Female,46.88.40.96
1955,Georgianne,Chansonnau,gchansonnaunq@webs.com,Female,201.251.226.127
1956,Darb,Ebbs,debbsnr@biblegateway.com,Female,111.175.23.206
1957,Allys,Borgars,aborgarsns@ow.ly,Female,111.27.65.242
1958,Judd,Dawdry,jdawdrynt@cnn.com,Male,110.73.73.15
1959,Chaddy,Peiser,cpeisernu@psu.edu,Male,23.56.245.198
1960,Kelbee,Hazeman,khazemannv@gov.uk,Male,77.190.15.213
1961,Kylila,Elmer,kelmernw@fotki.com,Female,112.10.70.245
1962,Conney,Leathard,cleathardnx@mac.com,Male,240.167.223.175
1963,Allegra,McWhan,amcwhanny@gnu.org,Female,195.86.251.43
1964,Jordanna,Borles,jborlesnz@yellowbook.com,Genderqueer,76.168.110.130
1965,Tilly,Vany,tvanyo0@va.gov,Female,154.68.37.152
1966,Talya,Goddman,tgoddmano1@diigo.com,Female,99.154.140.250
1967,Kassandra,Fairfoot,kfairfooto2@ezinearticles.com,Female,127.241.226.194
1968,Bevvy,Worthy,bworthyo3@163.com,Female,30.195.217.203
1969,Jaquelyn,Lukesch,jlukescho4@sourceforge.net,Female,111.117.57.231
1970,Gabe,Sullivan,gsullivano5@wired.com,Male,135.58.222.189
1971,Andreas,Donnison,adonnisono6@reference.com,Genderqueer,19.52.85.38
1972,Claus,Pitone,cpitoneo7@canalblog.com,Male,227.125.211.178
1973,Gorden,Sineath,gsineatho8@360.cn,Male,206.148.149.189
1974,Letty,Colmore,lcolmoreo9@rambler.ru,Female,176.191.248.218
1975,Haskell,Neilands,hneilandsoa@unesco.org,Male,254.28.102.229
1976,Sheree,Stiffell,sstiffellob@census.gov,Female,253.253.193.61
1977,Ilsa,Swinburn,iswinburnoc@sakura.ne.jp,Female,189.5.210.151
1978,Reggy,Mosley,rmosleyod@baidu.com,Male,178.114.150.82
1979,Jacquie,Lote,jloteoe@ft.com,Female,218.204.80.14
1980,Abraham,Tomovic,atomovicof@webeden.co.uk,Male,149.23.98.89
1981,Dion,O'Leary,dolearyog@harvard.edu,Genderfluid,243.167.26.101
1982,Dasi,Radish,dradishoh@joomla.org,Bigender,51.95.186.57
1983,Locke,O'Mara,lomaraoi@xrea.com,Genderfluid,71.149.13.225
1984,Lidia,Grove,lgroveoj@biglobe.ne.jp,Genderfluid,215.128.75.53
1985,Nathalie,Stawell,nstawellok@google.de,Female,86.201.12.208
1986,Ludwig,Sitlington,lsitlingtonol@i2i.jp,Male,174.32.80.63
1987,Brandise,Mibourne,bmibourneom@163.com,Genderqueer,192.209.25.146
1988,Bryant,Buckell,bbuckellon@dropbox.com,Male,91.195.159.219
1989,Moshe,Creaney,mcreaneyoo@irs.gov,Male,13.163.107.228
1990,Timothea,Fleming,tflemingop@moonfruit.com,Female,177.83.212.58
1991,Zola,Pottle,zpottleoq@theatlantic.com,Female,19.200.87.92
1992,Napoleon,Epilet,nepiletor@prnewswire.com,Genderqueer,200.167.28.32
1993,Tucker,Chettle,tchettleos@ft.com,Male,26.215.16.29
1994,Willette,Boatright,wboatrightot@wiley.com,Female,162.2.130.60
1995,Rebekah,Oxbury,roxburyou@cnbc.com,Female,68.184.255.169
1996,Rodney,McVity,rmcvityov@adobe.com,Male,78.31.143.81
1997,Cassandry,Karlicek,ckarlicekow@cyberchimps.com,Female,194.166.57.172
1998,Marje,McGlew,mmcglewox@pinterest.com,Female,170.3.224.185
1999,Tiebold,Lighton,tlightonoy@prweb.com,Male,185.211.234.29
2000,Matty,Ellesmere,mellesmereoz@cnet.com,Male,198.227.120.132
2001,Yvon,Keirl,ykeirlp0@epa.gov,Genderqueer,40.29.177.228
2002,Lianna,Darell,ldarellp1@miibeian.gov.cn,Genderqueer,63.203.47.191
2003,Candra,Maxfield,cmaxfieldp2@infoseek.co.jp,Female,88.83.60.37
2004,Rosene,Klimpke,rklimpkep3@surveymonkey.com,Genderfluid,88.109.204.234
2005,Orion,Schurcke,oschurckep4@4shared.com,Male,201.173.128.253
2006,Chevy,Lowthorpe,clowthorpep5@soup.io,Male,188.114.121.74
2007,Helenelizabeth,Bendley,hbendleyp6@nature.com,Female,82.165.126.91
2008,Zorah,Maddin,zmaddinp7@seattletimes.com,Female,164.171.90.228
2009,Reinald,Bartoshevich,rbartoshevichp8@google.nl,Male,223.138.13.147
2010,Jose,Springell,jspringellp9@bloomberg.com,Male,58.127.17.227
2011,Avery,Chisman,achismanpa@adobe.com,Male,225.197.143.146
2012,Betteanne,Lavallie,blavalliepb@free.fr,Female,124.39.239.158
2013,Rosalyn,McAllaster,rmcallasterpc@wufoo.com,Female,112.181.179.61
2014,Janene,Lansly,jlanslypd@omniture.com,Female,66.238.106.140
2015,Florella,Abys,fabyspe@ihg.com,Female,199.62.7.7
2016,Manya,Aleixo,maleixopf@free.fr,Female,229.231.88.112
2017,Joachim,Winks,jwinkspg@arizona.edu,Genderfluid,14.77.193.194
2018,Riley,Ions,rionsph@moonfruit.com,Male,93.99.102.34
2019,Samantha,Petticrew,spetticrewpi@prnewswire.com,Female,17.126.83.133
2020,Johnette,Kirdsch,jkirdschpj@blogger.com,Female,97.121.203.8
2021,Velma,Manchester,vmanchesterpk@ucoz.ru,Female,212.31.99.243
2022,Holly-anne,Baglin,hbaglinpl@bing.com,Female,42.30.83.199
2023,Alex,Empringham,aempringhampm@tamu.edu,Male,154.191.87.95
2024,Bo,Newham,bnewhampn@privacy.gov.au,Male,88.158.230.213
2025,Corrine,Wildes,cwildespo@people.com.cn,Female,2.8.223.134
2026,Myrtie,Dunleavy,mdunleavypp@fc2.com,Genderqueer,31.250.159.246
2027,Theo,Corns,tcornspq@acquirethisname.com,Male,219.123.231.15
2028,Barr,Choat,bchoatpr@bluehost.com,Male,180.32.11.179
2029,Prissie,Winterbotham,pwinterbothamps@house.gov,Female,237.137.151.64
2030,Berton,Kwiek,bkwiekpt@edublogs.org,Male,188.46.21.98
2031,Frederich,Butler,fbutlerpu@sina.com.cn,Male,184.81.183.4
2032,Camila,MacFadzean,cmacfadzeanpv@amazonaws.com,Female,10.136.156.96
2033,Kylen,Van de Castele,kvandecastelepw@earthlink.net,Female,140.97.221.90
2034,Carr,Gorvette,cgorvettepx@aboutads.info,Male,93.223.252.56
2035,Ingaberg,Burnsides,iburnsidespy@aboutads.info,Female,65.121.77.27
2036,Aron,Blakeway,ablakewaypz@studiopress.com,Non-binary,184.78.139.192
2037,Prudence,Huertas,phuertasq0@edublogs.org,Female,66.171.193.18
2038,Reagan,Leamon,rleamonq1@bloomberg.com,Male,213.110.62.95
2039,Terri,Entissle,tentissleq2@twitter.com,Female,110.69.203.226
2040,Car,Kippie,ckippieq3@stumbleupon.com,Male,133.115.214.82
2041,Morganica,Martynikhin,mmartynikhinq4@amazon.de,Female,206.129.142.117
2042,Grantham,Carvell,gcarvellq5@independent.co.uk,Male,63.50.226.60
2043,Jimmie,Tiernan,jtiernanq6@reuters.com,Male,241.136.124.208
2044,Roderigo,de Guise,rdeguiseq7@vk.com,Male,188.27.44.61
2045,Abbe,Dennington,adenningtonq8@oaic.gov.au,Male,86.99.28.203
2046,Brenden,Potebury,bpoteburyq9@harvard.edu,Male,42.78.193.77
2047,Mauricio,Dumphy,mdumphyqa@jigsy.com,Male,120.107.175.146
2048,Koren,Gherardelli,kgherardelliqb@patch.com,Female,26.133.253.218
2049,Felipe,Greatbach,fgreatbachqc@seesaa.net,Male,117.231.138.5
2050,Devan,Heinicke,dheinickeqd@oaic.gov.au,Female,43.240.238.165
2051,Moll,Van Zon,mvanzonqe@ameblo.jp,Female,20.160.207.28
2052,Baily,Cotterill,bcotterillqf@umn.edu,Male,80.57.148.130
2053,Mord,Dyett,mdyettqg@hp.com,Male,241.116.216.85
2054,Bogart,Spraging,bspragingqh@sina.com.cn,Male,171.175.254.31
2055,Ines,Sickert,isickertqi@msn.com,Female,149.191.53.125
2056,Keir,Holbie,kholbieqj@wiley.com,Male,98.125.1.26
2057,Randolph,Vass,rvassqk@plala.or.jp,Male,88.166.220.223
2058,Tann,Olive,toliveql@cmu.edu,Male,172.116.246.92
2059,Davis,Saull,dsaullqm@noaa.gov,Male,32.155.251.95
2060,Janenna,Hanmore,jhanmoreqn@kickstarter.com,Female,76.66.188.195
2061,Sharyl,Gaspar,sgasparqo@wired.com,Female,49.63.216.241
2062,Ariadne,Petrasch,apetraschqp@businessinsider.com,Female,156.254.101.200
2063,Florence,Redferne,fredferneqq@bandcamp.com,Female,88.238.162.187
2064,Darwin,Trathen,dtrathenqr@de.vu,Male,96.133.1.166
2065,Elaina,Simper,esimperqs@ifeng.com,Female,62.87.154.144
2066,Durante,Connew,dconnewqt@ca.gov,Male,142.84.52.219
2067,Moreen,Kenyam,mkenyamqu@163.com,Female,26.56.155.163
2068,Mariquilla,McQuie,mmcquieqv@independent.co.uk,Female,232.228.49.154
2069,Garey,Sandercock,gsandercockqw@utexas.edu,Bigender,251.213.82.116
2070,Joel,Janczewski,jjanczewskiqx@hp.com,Male,198.131.126.123
2071,Jermain,Stanbro,jstanbroqy@de.vu,Male,6.217.204.185
2072,Randie,Valeri,rvaleriqz@amazon.co.jp,Male,253.126.164.223
2073,L;urette,Perfili,lperfilir0@ucla.edu,Female,158.248.46.62
2074,Herman,Greves,hgrevesr1@deliciousdays.com,Male,254.118.59.175
2075,Jennica,Hunnicot,jhunnicotr2@blinklist.com,Female,97.199.72.244
2076,Otis,Bilbee,obilbeer3@bloomberg.com,Male,180.166.153.244
2077,Bronnie,Colley,bcolleyr4@psu.edu,Genderqueer,146.53.12.16
2078,Gilligan,Burchett,gburchettr5@sina.com.cn,Female,160.81.173.143
2079,Curt,Beedle,cbeedler6@mail.ru,Male,188.38.236.6
2080,Abbie,Drepp,adreppr7@de.vu,Genderqueer,108.112.59.41
2081,Jewell,Raggitt,jraggittr8@homestead.com,Female,48.246.116.215
2082,Hieronymus,Haughin,hhaughinr9@icio.us,Male,57.16.100.172
2083,Hedvig,Dienes,hdienesra@irs.gov,Female,201.254.164.89
2084,Devondra,Bedford,dbedfordrb@yolasite.com,Female,147.148.119.158
2085,Joceline,Epdell,jepdellrc@aboutads.info,Bigender,116.162.12.203
2086,Bab,Wilderspoon,bwilderspoonrd@mayoclinic.com,Female,106.105.106.114
2087,Ranee,Paraman,rparamanre@wikimedia.org,Female,179.250.244.81
2088,Lucie,Rivard,lrivardrf@yahoo.com,Female,153.2.193.180
2089,Malachi,Noye,mnoyerg@free.fr,Male,255.85.37.254
2090,Demetria,Tarrant,dtarrantrh@csmonitor.com,Genderqueer,85.123.4.238
2091,Bordie,Whitaker,bwhitakerri@slate.com,Male,16.17.180.214
2092,Jerrold,Lund,jlundrj@squarespace.com,Male,4.137.138.123
2093,Bond,Hebdon,bhebdonrk@nhs.uk,Male,38.241.66.13
2094,Lowrance,Ireson,liresonrl@cargocollective.com,Agender,206.130.100.236
2095,Andeee,Gindghill,agindghillrm@instagram.com,Female,17.58.64.60
2096,Sophia,Camock,scamockrn@theglobeandmail.com,Female,2.207.53.181
2097,Orville,Grabban,ograbbanro@scribd.com,Male,74.13.85.129
2098,Dicky,Huck,dhuckrp@nifty.com,Male,238.73.64.251
2099,Urbano,Ganders,ugandersrq@rambler.ru,Male,52.142.119.178
2100,Clarence,Rodinger,crodingerrr@usatoday.com,Male,53.143.223.250
