id,first_name,last_name,email,gender,ip_address
1,Kata,Yglesia,kyglesia0@amazon.de,Female,83.218.97.134
2,Zachery,Lermit,zlermit1@macromedia.com,Male,34.88.102.20
3,Matthew,Wall,mwall2@chicagotribune.com,Male,161.15.225.117
4,Ramsey,Oldale,roldale3@elpais.com,Male,10.51.117.72
5,Karolina,Danit,kdanit4@example.com,Genderfluid,3.192.216.13
6,Clarisse,Bertwistle,cbertwistle5@quantcast.com,Female,189.13.208.180
7,Rex,Barrott,rbarrott6@gizmodo.com,Male,252.186.176.53
8,Annabal,Rocco,arocco7@earthlink.net,Female,71.209.146.56
9,Ted,Beauvais,tbeauvais8@soundcloud.com,Male,43.255.131.236
10,Zebadiah,Moxham,zmoxham9@themeforest.net,Non-binary,110.9.167.147
11,Hadley,Goater,hgoatera@tripadvisor.com,Male,215.208.76.60
12,Claudine,Mollnar,cmollnarb@google.ru,Bigender,80.212.23.70
13,Kippy,Works,kworksc@nationalgeographic.com,Male,77.214.188.30
14,Smith,Trueman,struemand@geocities.jp,Genderqueer,187.171.76.62
15,Sibbie,Kerbler,skerblere@a8.net,Female,243.132.69.86
16,Shaina,Fraulo,sfraulof@moonfruit.com,Female,173.208.211.91
17,Goober,Bracchi,gbracchig@ucoz.com,Genderfluid,60.106.162.111
18,Welbie,Skuce,wskuceh@prweb.com,Male,86.242.158.15
19,Brooke,Collibear,bcollibeari@forbes.com,Male,242.79.74.133
20,Bourke,Keaveny,bkeavenyj@scribd.com,Male,42.183.51.144
21,Lianna,Sellwood,lsellwoodk@ifeng.com,Genderqueer,20.75.164.180
22,Burke,McGennis,bmcgennisl@sciencedirect.com,Male,158.168.34.97
23,Ashla,Collingdon,acollingdonm@geocities.jp,Genderqueer,39.233.155.23
24,Regen,Pickring,rpickringn@geocities.jp,Male,184.86.76.50
25,Hurley,Collingworth,hcollingwortho@aol.com,Male,23.81.113.254
26,Jasun,Praundl,jpraundlp@wiley.com,Male,40.63.59.45
27,Towny,Burchett,tburchettq@cnbc.com,Male,91.41.71.173
28,Sam,Gurnay,sgurnayr@canalblog.com,Male,122.127.203.88
29,Waverly,Vasler,wvaslers@mlb.com,Agender,216.249.60.134
30,Becka,Payfoot,bpayfoott@wp.com,Non-binary,178.29.16.136
31,Letty,Charters,lchartersu@si.edu,Female,109.42.112.37
32,Codi,Hartlebury,chartleburyv@intel.com,Male,2.75.248.30
33,Casper,Carverhill,ccarverhillw@ebay.com,Polygender,69.165.245.243
34,Symon,Bradick,sbradickx@globo.com,Male,4.29.68.128
35,Rhianna,Markussen,rmarkusseny@themeforest.net,Female,249.251.76.114
36,Dael,Raftery,drafteryz@123-reg.co.uk,Male,214.8.8.221
37,Berry,Swiffen,bswiffen10@mail.ru,Female,46.7.20.49
38,Alphard,Bushrod,abushrod11@miibeian.gov.cn,Male,73.212.63.104
39,Gallagher,Clinnick,gclinnick12@reuters.com,Male,235.53.86.196
40,Hinze,Rowthorn,hrowthorn13@icq.com,Male,106.160.221.95
41,Sonnie,Crose,scrose14@answers.com,Male,222.72.81.128
42,Padriac,Jowitt,pjowitt15@google.com.au,Male,89.170.162.102
43,Shamus,Feathers,sfeathers16@java.com,Male,227.209.250.1
44,Land,Bomfield,lbomfield17@dagondesign.com,Male,29.21.11.89
45,Ellswerth,Necrews,enecrews18@bbc.co.uk,Male,93.207.167.222
46,Isabelita,Bock,ibock19@utexas.edu,Female,148.178.28.32
47,Row,Burberry,rburberry1a@state.gov,Female,122.94.4.60
48,Laurena,Witul,lwitul1b@rakuten.co.jp,Polygender,235.214.226.71
49,Hilarius,Robiou,hrobiou1c@rediff.com,Male,78.1.97.237
50,Frasier,Plues,fplues1d@goo.gl,Male,33.181.108.140
51,Sarah,Blaszkiewicz,sblaszkiewicz1e@smh.com.au,Female,34.167.134.197
52,Derril,Maykin,dmaykin1f@rediff.com,Male,218.46.48.147
53,Karine,Bennis,kbennis1g@hibu.com,Female,148.116.98.40
54,Elbert,Ruck,eruck1h@biblegateway.com,Agender,208.248.128.43
55,Isidor,Johanssen,ijohanssen1i@sbwire.com,Male,111.87.195.154
56,Juliet,Whitehurst,jwhitehurst1j@hud.gov,Genderqueer,232.13.243.128
57,Robbert,Tarbin,rtarbin1k@infoseek.co.jp,Male,228.137.68.226
58,Sherlock,Pariso,spariso1l@bloomberg.com,Male,205.194.246.75
59,Charlot,Riguard,criguard1m@google.pl,Female,141.151.132.33
60,Opal,Bellon,obellon1n@usnews.com,Female,134.3.171.186
61,Beulah,Sirmon,bsirmon1o@godaddy.com,Female,170.43.92.118
62,Porter,Reeme,preeme1p@abc.net.au,Male,86.115.108.203
63,Warden,Leahey,wleahey1q@arstechnica.com,Male,181.186.120.184
64,Abby,Cherrington,acherrington1r@arstechnica.com,Genderqueer,37.155.60.46
65,Talbert,Back,tback1s@typepad.com,Bigender,64.135.7.49
66,Zaria,Pleasaunce,zpleasaunce1t@buzzfeed.com,Genderqueer,122.127.104.178
67,Chalmers,Seawright,cseawright1u@taobao.com,Male,41.7.92.150
68,Leia,Larmuth,llarmuth1v@comsenz.com,Female,245.68.12.183
69,Emelen,Ost,eost1w@seattletimes.com,Male,121.160.13.9
70,Archie,Phizaclea,aphizaclea1x@nature.com,Male,53.143.135.193
71,Cullan,Matias,cmatias1y@si.edu,Male,13.62.108.66
72,Milty,Ends,mends1z@microsoft.com,Male,213.102.250.93
73,Stephie,Cockney,scockney20@harvard.edu,Female,211.208.121.22
74,Shawn,Gingle,sgingle21@wikia.com,Male,58.20.215.160
75,Galvan,Bosnell,gbosnell22@shutterfly.com,Male,14.173.104.203
76,Jacynth,Bonds,jbonds23@jimdo.com,Female,189.104.101.63
77,Durante,Zebedee,dzebedee24@com.com,Male,159.52.5.167
78,Chevy,Corten,ccorten25@paginegialle.it,Male,5.106.124.126
79,Troy,Elen,telen26@sakura.ne.jp,Male,36.117.156.161
80,Philly,Tulloch,ptulloch27@livejournal.com,Bigender,101.208.74.152
81,Gabriele,Coghlan,gcoghlan28@hud.gov,Male,214.96.14.104
82,Jerrilyn,Winteringham,jwinteringham29@wix.com,Female,9.238.35.153
83,Paco,Mayhead,pmayhead2a@weibo.com,Male,141.143.135.49
84,Dallas,Richardson,drichardson2b@reddit.com,Male,170.169.145.134
85,Gaylor,McPhillips,gmcphillips2c@scribd.com,Non-binary,38.172.82.56
86,Marita,McLarens,mmclarens2d@acquirethisname.com,Female,155.118.242.79
87,Jeanelle,Tankin,jtankin2e@mashable.com,Female,30.193.105.55
88,Byrle,Kobsch,bkobsch2f@goo.gl,Male,148.125.157.15
89,Athena,Joseff,ajoseff2g@netvibes.com,Female,136.188.26.118
90,Brina,Tompkinson,btompkinson2h@weebly.com,Female,205.19.37.145
91,Bianca,Mechic,bmechic2i@linkedin.com,Female,162.232.147.200
92,Tammara,Cumo,tcumo2j@cisco.com,Bigender,91.60.120.223
93,Wendeline,Barents,wbarents2k@furl.net,Female,215.240.44.48
94,Griffith,Folshom,gfolshom2l@deviantart.com,Male,64.68.84.33
95,Krisha,Tchaikovsky,ktchaikovsky2m@technorati.com,Male,146.20.61.212
96,Osbourne,Ensley,oensley2n@bing.com,Male,146.41.64.178
97,Jorge,Drummer,jdrummer2o@ovh.net,Male,206.99.10.58
98,Matteo,Kynman,mkynman2p@amazonaws.com,Male,69.210.120.128
99,Tami,Gallant,tgallant2q@wisc.edu,Female,50.142.153.125
100,Rheba,Lewnden,rlewnden2r@google.co.uk,Female,61.151.230.169
