id,first_name,last_name,email,gender,ip_address
101,Kenny,Lacroux,klacroux0@woothemes.com,Male,173.197.37.59
102,Rikki,Thridgould,rthridgould1@aboutads.info,Polygender,111.34.169.5
103,Collen,Ferryman,cferryman2@yandex.ru,Female,144.151.143.72
104,Aurelie,Whittington,awhittington3@pbs.org,Female,194.251.161.77
105,Steven,Thresh,sthresh4@deviantart.com,Male,226.184.101.22
106,Jinny,Brickell,jbrickell5@bbb.org,Female,235.246.78.145
107,Trula,De Dantesie,tdedantesie6@nyu.edu,Female,101.198.207.247
108,Renaldo,Gittoes,rgittoes7@linkedin.com,Male,60.118.251.210
109,Adolphe,Garie,agarie8@mediafire.com,Male,115.99.71.68
110,Serene,Gagie,sgagie9@msu.edu,Female,177.196.226.8
111,Helaina,Mogford,hmogforda@wix.com,Female,25.50.113.169
112,Boone,Slocket,bslocketb@noaa.gov,Male,14.144.227.228
113,Farica,Pietsma,fpietsmac@sogou.com,Female,54.226.9.53
114,Tresa,Martinovic,tmartinovicd@google.it,Female,27.174.144.231
115,Rebe,Nortcliffe,rnortcliffee@weibo.com,Female,20.250.147.130
116,Nil,Risborough,nrisboroughf@scientificamerican.com,Male,65.129.104.129
117,Dayle,Polon,dpolong@sphinn.com,Genderqueer,111.116.179.47
118,Quinlan,Elwyn,qelwynh@mapy.cz,Male,129.198.27.224
119,Darin,Pere,dperei@tripod.com,Male,87.144.96.140
120,Wang,Kilmurry,wkilmurryj@ning.com,Male,124.87.208.226
121,Dore,Gorham,dgorhamk@wikispaces.com,Male,93.243.79.209
122,Jacqueline,Eadmeads,jeadmeadsl@microsoft.com,Female,4.150.13.8
123,Lyda,Spoor,lspoorm@ning.com,Female,120.235.246.137
124,Weber,Duetschens,wduetschensn@ed.gov,Male,7.134.252.63
125,Anderson,Entwhistle,aentwhistleo@linkedin.com,Male,38.144.151.199
126,Esma,Cabel,ecabelp@yahoo.com,Female,121.142.111.65
127,Ashby,Golagley,agolagleyq@angelfire.com,Male,156.122.28.69
128,Egor,Heffernon,eheffernonr@printfriendly.com,Male,91.3.212.102
129,Inez,Fagan,ifagans@indiegogo.com,Female,17.220.180.10
130,Hunter,Buckthorpe,hbuckthorpet@netscape.com,Male,45.48.18.193
131,Cyndie,Yule,cyuleu@barnesandnoble.com,Female,159.151.16.241
132,Ferguson,Shimony,fshimonyv@engadget.com,Agender,88.170.176.100
133,Royce,Clapston,rclapstonw@ucsd.edu,Male,237.186.86.255
134,Allistir,Liddington,aliddingtonx@123-reg.co.uk,Male,237.57.28.201
135,Arvy,Riddiough,ariddioughy@prweb.com,Male,94.229.20.254
136,Clerissa,Fendt,cfendtz@icq.com,Female,211.159.216.97
137,Marin,Wallington,mwallington10@ebay.com,Female,28.183.88.64
138,Dinnie,Beat,dbeat11@slashdot.org,Female,63.16.68.244
139,Clywd,McQuillan,cmcquillan12@scribd.com,Male,104.23.176.172
140,Martguerita,Moncur,mmoncur13@cam.ac.uk,Female,109.245.17.245
141,Illa,Farrant,ifarrant14@nydailynews.com,Female,35.158.26.13
142,Mattie,Gong,mgong15@cbslocal.com,Polygender,188.143.153.175
143,Bailie,Comiam,bcomiam16@eepurl.com,Male,250.132.50.41
144,Jeromy,Greenly,jgreenly17@flickr.com,Male,185.247.193.213
145,Darius,Preene,dpreene18@twitpic.com,Male,171.69.124.93
146,Gareth,Trenoweth,gtrenoweth19@mozilla.org,Male,166.35.20.35
147,Loren,Garmon,lgarmon1a@va.gov,Male,127.234.172.216
148,Raimondo,Petchell,rpetchell1b@mlb.com,Male,240.110.66.99
149,Shermie,Capelin,scapelin1c@mit.edu,Male,251.127.16.241
150,Meg,Garthside,mgarthside1d@printfriendly.com,Female,44.101.120.127
151,Lesli,Jenton,ljenton1e@gmpg.org,Female,53.179.73.94
152,Jon,Spellacey,jspellacey1f@dropbox.com,Male,255.174.30.192
153,Ava,Blundon,ablundon1g@prweb.com,Female,27.39.69.43
154,Mala,Harner,mharner1h@rakuten.co.jp,Female,28.181.31.34
155,Alvera,Sanger,asanger1i@go.com,Female,65.64.65.228
156,Clark,Block,cblock1j@sfgate.com,Male,152.140.229.144
157,Cinda,Carik,ccarik1k@liveinternet.ru,Female,168.9.5.204
158,Fancie,Cappell,fcappell1l@about.me,Female,71.254.201.118
159,Fenelia,Hanbury,fhanbury1m@php.net,Female,160.198.176.221
160,Hoyt,Rylance,hrylance1n@networkadvertising.org,Male,142.99.40.220
161,Christel,Weddup,cweddup1o@hhs.gov,Non-binary,76.58.44.206
162,Gerard,Braban,gbraban1p@hatena.ne.jp,Male,24.255.184.13
163,Doreen,Sidwick,dsidwick1q@phoca.cz,Female,218.182.140.151
164,Sheeree,Stickland,sstickland1r@pen.io,Female,169.96.105.169
165,Pippo,Cockerton,pcockerton1s@weebly.com,Male,14.27.104.47
166,Jabez,Pearle,jpearle1t@macromedia.com,Male,148.128.125.118
167,Dennie,Dowbiggin,ddowbiggin1u@wired.com,Female,103.21.60.145
168,Alistair,Springthorpe,aspringthorpe1v@indiatimes.com,Male,174.204.6.205
169,Grantley,Roubottom,groubottom1w@latimes.com,Male,174.99.121.72
170,Neala,April,napril1x@netvibes.com,Female,152.43.111.182
171,Jodee,Oseman,joseman1y@wikimedia.org,Female,33.95.42.58
172,Gabi,Ilyasov,gilyasov1z@redcross.org,Female,166.171.51.71
173,Joell,Quinell,jquinell20@redcross.org,Female,93.52.71.207
174,Graham,Bolger,gbolger21@vistaprint.com,Male,210.25.203.218
175,Maxim,Forder,mforder22@globo.com,Male,213.69.197.62
176,Klarika,Molian,kmolian23@flickr.com,Female,112.77.213.42
177,Raeann,Stalley,rstalley24@hhs.gov,Female,249.127.14.221
178,Janessa,Malecky,jmalecky25@statcounter.com,Female,28.136.70.244
179,Brody,Weightman,bweightman26@usnews.com,Male,50.151.237.87
180,Florian,Wahner,fwahner27@icq.com,Male,20.122.0.197
181,Nadya,Joselin,njoselin28@altervista.org,Female,230.196.150.119
182,Jilleen,Madden,jmadden29@slideshare.net,Female,87.55.245.167
183,Gilberte,Wessel,gwessel2a@youtu.be,Female,192.84.132.99
184,Thomas,Baseley,tbaseley2b@yellowpages.com,Male,7.103.96.123
185,Robina,Corking,rcorking2c@desdev.cn,Female,206.145.68.60
186,Kaitlin,Pavek,kpavek2d@cnn.com,Female,61.18.5.44
187,Pebrook,MacFadyen,pmacfadyen2e@dot.gov,Genderqueer,131.144.178.68
188,Felicio,Marcroft,fmarcroft2f@theatlantic.com,Male,119.253.106.6
189,Daren,Dobble,ddobble2g@ow.ly,Male,39.145.26.202
190,Glyn,Menaul,gmenaul2h@toplist.cz,Male,217.213.0.137
191,Jaymie,Redmayne,jredmayne2i@networksolutions.com,Male,64.8.120.80
192,Vida,Laneham,vlaneham2j@apple.com,Female,158.44.215.151
193,Lavina,Fossitt,lfossitt2k@blogtalkradio.com,Female,106.214.173.204
194,Ashlen,Reddoch,areddoch2l@weibo.com,Female,118.243.9.136
195,Selie,Whiten,swhiten2m@cdbaby.com,Bigender,66.119.32.61
196,Gregoor,Banstead,gbanstead2n@parallels.com,Agender,20.180.163.216
197,Lavinia,Rowsel,lrowsel2o@hugedomains.com,Female,202.145.24.216
198,Charita,Haylock,chaylock2p@latimes.com,Female,193.180.46.37
199,Vladimir,Saffe,vsaffe2q@hhs.gov,Male,243.165.86.171
200,Gaynor,Deer,gdeer2r@dailymail.co.uk,Female,215.112.42.147
201,Nye,Peel,npeel2s@admin.ch,Male,120.202.84.208
202,Terry,Dommerque,tdommerque2t@networkadvertising.org,Female,198.150.175.103
203,Carla,Berkowitz,cberkowitz2u@nhs.uk,Female,188.155.175.169
204,Laurel,Bartolomeu,lbartolomeu2v@google.com.hk,Agender,237.183.120.101
205,Marlena,Bolesworth,mbolesworth2w@domainmarket.com,Female,234.131.13.2
206,Sondra,Vinten,svinten2x@walmart.com,Female,234.32.78.164
207,Hersh,Batterson,hbatterson2y@cnn.com,Male,40.246.67.171
208,Adelaide,Blatcher,ablatcher2z@4shared.com,Female,27.160.79.118
209,Konrad,McKendo,kmckendo30@toplist.cz,Male,192.216.125.38
210,Arlan,Huc,ahuc31@issuu.com,Male,53.109.0.207
211,Jammie,Gregoratti,jgregoratti32@123-reg.co.uk,Female,165.101.40.52
212,Devlen,Lytton,dlytton33@sphinn.com,Male,154.93.132.182
213,Kassia,Galvan,kgalvan34@zdnet.com,Female,111.104.242.30
214,Florance,Luttger,fluttger35@gizmodo.com,Female,246.146.159.194
215,Hans,Sutherland,hsutherland36@technorati.com,Male,178.113.11.45
216,Giorgio,Ebhardt,gebhardt37@pcworld.com,Male,126.153.208.73
217,Rob,Aldus,raldus38@indiatimes.com,Male,90.205.176.31
218,Lorine,Nimmo,lnimmo39@jugem.jp,Female,22.116.199.100
219,Phillipe,Wilprecht,pwilprecht3a@g.co,Bigender,38.39.105.251
220,Hamish,Leschelle,hleschelle3b@pcworld.com,Agender,26.96.244.241
221,Jyoti,Lipyeat,jlipyeat3c@unc.edu,Female,184.192.93.87
222,Dorothee,Chewter,dchewter3d@wikispaces.com,Female,85.38.101.71
223,Rudd,Eskriett,reskriett3e@opera.com,Male,139.178.153.210
224,Cherish,Blackeby,cblackeby3f@scientificamerican.com,Female,48.169.98.34
225,Jakie,Cordova,jcordova3g@businessinsider.com,Male,121.30.4.167
226,Ernesto,Raspison,eraspison3h@macromedia.com,Male,153.184.59.106
227,Vasilis,Charnley,vcharnley3i@ihg.com,Male,2.116.249.172
228,Trace,Iacomelli,tiacomelli3j@tripod.com,Male,67.16.62.85
229,Walker,Harbidge,wharbidge3k@studiopress.com,Male,139.26.101.233
230,Joel,Liddel,jliddel3l@amazonaws.com,Male,93.182.144.149
231,Terrill,Beckford,tbeckford3m@amazonaws.com,Genderfluid,234.174.246.8
232,Langston,Glashby,lglashby3n@multiply.com,Male,164.108.131.220
233,Larry,Yashaev,lyashaev3o@sitemeter.com,Male,117.119.137.174
234,Leola,Codd,lcodd3p@digg.com,Female,185.107.49.47
235,Kimbell,Rosendale,krosendale3q@jugem.jp,Male,53.186.63.18
236,Bibby,Withrop,bwithrop3r@sourceforge.net,Female,185.33.141.139
237,Gigi,Craft,gcraft3s@mail.ru,Female,141.254.233.238
238,Perl,Hauxley,phauxley3t@java.com,Female,168.204.36.160
239,Valli,Bartol,vbartol3u@craigslist.org,Female,240.162.56.80
240,Sinclare,Sterman,ssterman3v@usatoday.com,Male,117.30.183.140
241,Leopold,Vesque,lvesque3w@google.es,Male,172.106.252.34
242,Lucho,Cusick,lcusick3x@mashable.com,Male,171.51.142.108
243,Eric,Payton,epayton3y@nasa.gov,Male,90.17.110.240
244,Clarabelle,Free,cfree3z@hibu.com,Female,31.67.179.148
245,Pet,Ashley,pashley40@yellowpages.com,Genderfluid,209.153.254.207
246,Cayla,Belson,cbelson41@last.fm,Female,194.158.165.254
247,Myles,Gilston,mgilston42@friendfeed.com,Male,171.147.108.159
248,Johan,Darrel,jdarrel43@zimbio.com,Male,139.23.182.13
249,Codi,Vasilenko,cvasilenko44@ocn.ne.jp,Male,239.49.92.115
250,Eleen,Bentjens,ebentjens45@kickstarter.com,Non-binary,232.161.57.37
251,Gweneth,Gavrieli,ggavrieli46@google.de,Agender,78.248.113.97
252,Pierce,Bodiam,pbodiam47@quantcast.com,Male,247.149.118.198
253,Carl,Basili,cbasili48@twitter.com,Male,25.159.42.237
254,Kalli,Riccioppo,kriccioppo49@ftc.gov,Non-binary,41.95.22.166
255,Anallese,Priel,apriel4a@ibm.com,Female,11.173.17.23
256,Erny,Parnall,eparnall4b@desdev.cn,Male,71.159.232.71
257,Maris,Swafield,mswafield4c@stanford.edu,Female,159.242.198.221
258,Aleda,Challis,achallis4d@photobucket.com,Female,217.217.146.193
259,Barthel,Patifield,bpatifield4e@paypal.com,Male,211.56.66.162
260,Artus,Moxley,amoxley4f@bbc.co.uk,Male,175.15.26.131
261,Alard,Pietrzyk,apietrzyk4g@geocities.com,Male,2.144.176.96
262,Ardella,Farnell,afarnell4h@china.com.cn,Female,196.39.194.195
263,Thurstan,Shepperd,tshepperd4i@stanford.edu,Male,172.35.150.122
264,Karlotte,Caddick,kcaddick4j@mozilla.org,Female,71.81.122.76
265,Lynelle,Tweed,ltweed4k@vinaora.com,Female,144.59.244.126
266,Davidson,Catchpole,dcatchpole4l@lycos.com,Genderfluid,128.180.62.98
267,Ruby,Effaunt,reffaunt4m@ted.com,Female,240.3.245.7
268,Jana,Panton,jpanton4n@hugedomains.com,Non-binary,143.161.233.168
269,Karee,But,kbut4o@statcounter.com,Female,129.244.6.113
270,Tawnya,Angerstein,tangerstein4p@yelp.com,Female,46.42.231.208
271,Bartholemy,Lown,blown4q@kickstarter.com,Male,135.176.86.179
272,Linnie,Pipet,lpipet4r@webmd.com,Female,212.157.235.249
273,Ahmad,Ducker,aducker4s@multiply.com,Male,188.195.226.29
274,Muriel,Pol,mpol4t@fema.gov,Female,178.11.96.178
275,Dori,Aberkirder,daberkirder4u@phpbb.com,Female,196.146.182.217
276,Cobb,Stollwerck,cstollwerck4v@rediff.com,Male,78.23.175.44
277,Dionysus,Glasspool,dglasspool4w@woothemes.com,Agender,80.207.221.140
278,Hillyer,Goward,hgoward4x@ycombinator.com,Male,133.125.170.95
279,Leland,Prigmore,lprigmore4y@upenn.edu,Female,146.14.232.216
280,Ranna,Seager,rseager4z@independent.co.uk,Female,236.87.94.68
281,Henrik,Ogdahl,hogdahl50@lycos.com,Male,236.95.0.104
282,Eugen,Larvor,elarvor51@blog.com,Male,88.248.187.47
283,Abbott,Comoletti,acomoletti52@squarespace.com,Agender,148.144.225.39
284,Jelene,Fetherstan,jfetherstan53@typepad.com,Female,253.31.149.179
285,Gaspard,Durno,gdurno54@usatoday.com,Male,210.187.70.191
286,Hewie,Dincey,hdincey55@slashdot.org,Male,192.105.111.100
287,Tyrus,Dearnley,tdearnley56@t.co,Male,206.2.151.180
288,Kimble,Donavan,kdonavan57@google.co.jp,Male,104.24.25.238
289,Olivero,Yapp,oyapp58@trellian.com,Male,148.1.61.91
290,Cecily,Reynoldson,creynoldson59@webs.com,Female,201.216.147.55
291,Trix,Summerson,tsummerson5a@wunderground.com,Female,209.10.175.61
292,Royal,Essel,ressel5b@prlog.org,Male,164.243.219.169
293,Roshelle,Tysall,rtysall5c@addthis.com,Female,243.135.14.15
294,Ddene,Roullier,droullier5d@scientificamerican.com,Female,191.41.57.247
295,Shannan,Stainfield,sstainfield5e@mayoclinic.com,Male,181.253.171.213
296,Aila,Sevitt,asevitt5f@tmall.com,Female,105.242.101.230
297,Gerald,Yankeev,gyankeev5g@sourceforge.net,Male,148.142.227.3
298,Harriett,Fremantle,hfremantle5h@nps.gov,Female,184.142.146.224
299,Donnell,Sutcliffe,dsutcliffe5i@bandcamp.com,Male,127.92.79.134
300,Neddy,Blandamore,nblandamore5j@comcast.net,Agender,81.75.137.222
301,Norene,McAdam,nmcadam5k@simplemachines.org,Female,240.113.94.161
302,Tina,Gabbidon,tgabbidon5l@tuttocitta.it,Female,123.241.166.41
303,Rosabel,Cantopher,rcantopher5m@go.com,Female,102.240.154.27
304,Estelle,Rudolfer,erudolfer5n@about.com,Female,103.251.114.9
305,Lilith,Anthonies,lanthonies5o@constantcontact.com,Female,190.30.57.22
306,Kellina,Heinrici,kheinrici5p@amazon.com,Female,235.170.72.114
307,Jedediah,Cosson,jcosson5q@webeden.co.uk,Genderqueer,186.232.131.203
308,Doro,Van den Oord,dvandenoord5r@people.com.cn,Female,118.25.124.100
309,Kristi,Cramond,kcramond5s@indiegogo.com,Female,42.195.236.187
310,Marlow,Arney,marney5t@reference.com,Male,203.94.92.145
311,Hayes,Faill,hfaill5u@live.com,Male,177.182.157.94
312,Theodoric,Keijser,tkeijser5v@indiegogo.com,Polygender,156.184.63.135
313,Constancy,Beecham,cbeecham5w@skyrock.com,Female,11.189.15.147
314,Lexine,Puttergill,lputtergill5x@ftc.gov,Female,2.238.9.88
315,Lamar,Spiteri,lspiteri5y@joomla.org,Male,74.35.8.253
316,Dominique,Behr,dbehr5z@theglobeandmail.com,Non-binary,36.220.22.31
317,Margarethe,Izat,mizat60@phpbb.com,Female,232.89.119.182
318,Pepito,Elsmore,pelsmore61@oracle.com,Male,158.123.101.59
319,Jody,Scriver,jscriver62@biglobe.ne.jp,Female,238.61.216.114
320,Pepito,Hurst,phurst63@washington.edu,Bigender,89.19.253.222
321,Gloriane,O'Bruen,gobruen64@economist.com,Female,51.229.165.234
322,Keenan,Careswell,kcareswell65@abc.net.au,Male,47.252.174.109
323,Cesar,Bowcock,cbowcock66@arizona.edu,Male,217.139.244.106
324,Lesya,Conws,lconws67@aol.com,Female,188.19.61.253
325,Adora,Retter,aretter68@is.gd,Female,118.10.27.219
326,Joellyn,Monte,jmonte69@1und1.de,Female,21.145.6.220
327,Helen-elizabeth,Kille,hkille6a@symantec.com,Female,183.167.255.14
328,Irvine,Vasyushkhin,ivasyushkhin6b@biblegateway.com,Male,148.39.3.18
329,Kippy,Brehault,kbrehault6c@ucoz.com,Polygender,62.187.175.227
330,Fax,Caldes,fcaldes6d@illinois.edu,Male,202.121.58.72
331,Shay,Lalevee,slalevee6e@goodreads.com,Female,59.246.234.189
332,Ranee,MacCawley,rmaccawley6f@blinklist.com,Female,109.125.101.43
333,Layney,Swains,lswains6g@webmd.com,Female,175.187.210.117
334,Quinta,Tocher,qtocher6h@infoseek.co.jp,Female,241.175.123.197
335,Alice,Lemmens,alemmens6i@mysql.com,Female,100.43.89.213
336,Kellie,Leftbridge,kleftbridge6j@ask.com,Female,26.20.254.186
337,Shepherd,Grevatt,sgrevatt6k@g.co,Male,216.229.202.154
338,Frederik,Kitman,fkitman6l@webnode.com,Male,153.254.246.47
339,Lauraine,Deverose,ldeverose6m@newsvine.com,Female,233.191.253.211
340,Camila,Haylett,chaylett6n@ft.com,Female,106.138.27.46
341,Clyve,Vallack,cvallack6o@360.cn,Male,92.198.100.214
342,Winnah,Potapczuk,wpotapczuk6p@theguardian.com,Female,25.230.136.75
343,Kathlin,Shyres,kshyres6q@cnet.com,Female,151.212.131.164
344,Wilmer,Bischof,wbischof6r@usa.gov,Male,85.203.246.148
345,Zea,McCaughren,zmccaughren6s@bloglovin.com,Female,147.52.199.47
346,Towny,Sickert,tsickert6t@hatena.ne.jp,Male,230.74.52.109
347,Roshelle,Zieme,rzieme6u@tinyurl.com,Genderfluid,89.66.29.76
348,Germayne,Dawidowitsch,gdawidowitsch6v@ycombinator.com,Male,163.32.121.254
349,Yolane,Poate,ypoate6w@etsy.com,Female,97.97.81.5
350,Jazmin,Shambrooke,jshambrooke6x@wsj.com,Polygender,69.115.52.108
351,Anne-marie,Bilam,abilam6y@reference.com,Female,189.18.64.85
352,Latia,Huck,lhuck6z@meetup.com,Female,235.80.76.138
353,Gloriane,Burns,gburns70@123-reg.co.uk,Agender,77.255.224.236
354,Reggie,Kaine,rkaine71@upenn.edu,Male,105.40.110.207
355,Jan,Benezeit,jbenezeit72@unblog.fr,Male,233.213.183.188
356,Corey,Hards,chards73@wikipedia.org,Female,75.24.155.195
357,Val,Poznan,vpoznan74@princeton.edu,Female,224.231.85.22
358,Radcliffe,Alessandrini,ralessandrini75@theglobeandmail.com,Male,14.237.199.8
359,Erhart,Dollimore,edollimore76@odnoklassniki.ru,Male,164.169.103.224
360,Rafaela,Pervoe,rpervoe77@paypal.com,Female,111.199.169.27
361,Lothario,Colbron,lcolbron78@cbsnews.com,Male,225.100.196.51
362,Lisa,Gallamore,lgallamore79@icio.us,Female,142.127.182.103
363,Freddy,Grief,fgrief7a@sohu.com,Male,236.152.252.175
364,Brook,Abadam,babadam7b@comsenz.com,Female,40.205.40.138
365,Hal,Tuhy,htuhy7c@wordpress.org,Male,59.32.148.73
366,Gustavo,Rarity,grarity7d@cmu.edu,Male,231.181.96.134
367,Paule,Angear,pangear7e@goodreads.com,Female,174.1.202.31
368,Casey,MacGlory,cmacglory7f@hatena.ne.jp,Male,160.49.118.103
369,Nikolai,Nono,nnono7g@e-recht24.de,Male,233.119.49.194
370,Abie,Dreinan,adreinan7h@wix.com,Male,74.102.151.221
371,Brunhilde,Gaines,bgaines7i@bluehost.com,Female,202.204.117.96
372,Angelina,Gellett,agellett7j@ezinearticles.com,Female,102.142.98.201
373,Gavan,Walczynski,gwalczynski7k@icq.com,Male,40.207.251.248
374,Kerby,O' Shea,koshea7l@state.tx.us,Male,98.136.209.143
375,Thorpe,Ratnage,tratnage7m@discuz.net,Male,145.114.149.120
376,Jayme,Yurenin,jyurenin7n@simplemachines.org,Female,171.62.63.184
377,Holden,Kundert,hkundert7o@kickstarter.com,Non-binary,116.174.162.80
378,Goldarina,Brinded,gbrinded7p@edublogs.org,Female,245.207.157.232
379,Zack,McKeeman,zmckeeman7q@merriam-webster.com,Male,241.131.23.122
380,Merl,Vearncomb,mvearncomb7r@bravesites.com,Non-binary,94.207.83.72
381,Isak,Rubinovici,irubinovici7s@accuweather.com,Male,0.181.195.206
382,Quincy,Elleyne,qelleyne7t@pinterest.com,Non-binary,119.39.228.101
383,Caye,Cockshutt,ccockshutt7u@diigo.com,Female,137.197.201.182
384,Edmund,Eliet,eeliet7v@infoseek.co.jp,Polygender,135.154.119.248
385,Aaren,Bedow,abedow7w@sbwire.com,Non-binary,96.88.149.201
386,Felipa,Gorgler,fgorgler7x@si.edu,Female,70.115.65.15
387,Bert,Pedrocco,bpedrocco7y@hc360.com,Male,8.75.116.89
388,Dov,Williamson,dwilliamson7z@blog.com,Male,27.150.22.115
389,Violetta,Askam,vaskam80@infoseek.co.jp,Female,80.250.47.113
390,Marquita,Hazelden,mhazelden81@xing.com,Female,162.223.207.253
391,Tyrone,Giacomello,tgiacomello82@goodreads.com,Male,143.137.119.62
392,Ashely,Klein,aklein83@sohu.com,Female,221.138.116.209
393,Rogerio,Eborall,reborall84@examiner.com,Male,23.222.138.192
394,Giacomo,Veschambes,gveschambes85@arizona.edu,Male,201.215.153.53
395,Layton,St. Ledger,lstledger86@squarespace.com,Male,248.51.132.114
396,Matthew,Mattson,mmattson87@51.la,Male,229.252.110.239
397,Cornie,Laborda,claborda88@so-net.ne.jp,Male,33.238.198.161
398,Bibi,Stockey,bstockey89@cocolog-nifty.com,Female,203.78.177.28
399,Alexander,Kilmurry,akilmurry8a@harvard.edu,Male,205.241.243.66
400,Matthieu,Pietsma,mpietsma8b@chron.com,Male,109.37.242.180
401,Fernando,Pudsall,fpudsall8c@plala.or.jp,Male,92.156.59.84
402,Shaughn,Cassels,scassels8d@amazon.de,Male,46.71.52.182
403,Gaven,Gouda,ggouda8e@webs.com,Male,251.82.216.138
404,Johnna,Erridge,jerridge8f@is.gd,Genderfluid,173.128.203.150
405,Brit,Syphas,bsyphas8g@sun.com,Female,147.137.49.177
406,Ivett,Kleinlerer,ikleinlerer8h@businessweek.com,Female,236.107.159.30
407,Bary,Sellack,bsellack8i@spiegel.de,Male,157.235.15.177
408,Diena,Stango,dstango8j@altervista.org,Agender,110.229.155.12
409,Ariella,Morgen,amorgen8k@over-blog.com,Female,0.54.124.132
410,Gottfried,Jacobi,gjacobi8l@msn.com,Male,178.99.97.219
411,Lind,Rousel,lrousel8m@wikispaces.com,Male,156.0.188.53
412,Garrek,Pash,gpash8n@about.com,Male,22.104.208.176
413,Dewain,Lemar,dlemar8o@zdnet.com,Genderfluid,146.60.230.70
414,Timotheus,Gillise,tgillise8p@friendfeed.com,Male,23.84.216.37
415,Prinz,Spolton,pspolton8q@t-online.de,Male,24.60.228.16
416,Gwyn,Buney,gbuney8r@microsoft.com,Female,42.109.201.89
417,Templeton,Antoniutti,tantoniutti8s@timesonline.co.uk,Male,12.231.171.203
418,Ellary,Deshorts,edeshorts8t@nasa.gov,Male,58.205.129.17
419,Anderson,Braney,abraney8u@shop-pro.jp,Male,130.178.136.62
420,Ingaberg,MacKomb,imackomb8v@dion.ne.jp,Polygender,142.241.182.115
421,Christy,Mordey,cmordey8w@skyrock.com,Male,175.38.193.77
422,Lemar,Tither,ltither8x@marriott.com,Male,160.39.91.32
423,Nicolas,Chell,nchell8y@msn.com,Male,66.130.159.86
424,Brittney,MacVanamy,bmacvanamy8z@guardian.co.uk,Female,198.73.146.30
425,Haily,Perris,hperris90@dot.gov,Male,64.9.203.70
426,Fonsie,Pagin,fpagin91@statcounter.com,Male,69.40.217.195
427,Ram,Zannotti,rzannotti92@wordpress.org,Polygender,169.194.54.16
428,Lefty,Kindred,lkindred93@gmpg.org,Male,218.115.145.113
429,Adena,Boerderman,aboerderman94@canalblog.com,Female,139.81.47.45
430,Herb,Tisor,htisor95@networkadvertising.org,Male,42.132.125.251
431,Kalina,Petegrew,kpetegrew96@google.com,Female,66.123.7.72
432,Amie,Sandeford,asandeford97@etsy.com,Female,120.243.169.162
433,Lock,McKennan,lmckennan98@apple.com,Male,106.131.17.243
434,Eden,Hawksley,ehawksley99@cnbc.com,Female,229.86.0.182
435,Giorgi,Kencott,gkencott9a@tamu.edu,Male,223.152.17.39
436,Wait,Folkerts,wfolkerts9b@disqus.com,Male,102.36.226.138
437,Catriona,Elsbury,celsbury9c@jimdo.com,Female,15.100.203.138
438,Dev,Szwarc,dszwarc9d@gmpg.org,Male,164.213.22.101
439,Patricia,Gatling,pgatling9e@webs.com,Female,34.115.178.170
440,Carie,Ganny,cganny9f@yelp.com,Female,152.210.161.1
441,Evey,Tuftin,etuftin9g@slideshare.net,Female,196.217.245.52
442,Bendicty,Klimkov,bklimkov9h@google.ru,Male,236.123.170.7
443,Markus,Rouf,mrouf9i@microsoft.com,Polygender,13.65.118.242
444,Jessalyn,Adderley,jadderley9j@bloglines.com,Female,121.154.119.92
445,Laurella,Duggan,lduggan9k@china.com.cn,Female,10.39.242.151
446,Ewan,Koschek,ekoschek9l@t-online.de,Male,57.61.111.210
447,Eirena,Cockings,ecockings9m@vkontakte.ru,Female,187.82.118.93
448,Oralie,Sleit,osleit9n@deviantart.com,Female,83.230.159.239
449,Roley,Jendricke,rjendricke9o@noaa.gov,Male,52.180.67.136
450,Cosme,Wakeham,cwakeham9p@skyrock.com,Male,139.255.167.60
451,Doy,McElhargy,dmcelhargy9q@hubpages.com,Male,122.117.209.206
452,Kari,Becerro,kbecerro9r@vinaora.com,Female,241.158.150.216
453,Lorry,MacGiolla,lmacgiolla9s@ustream.tv,Female,237.234.84.56
454,Merridie,Grishkov,mgrishkov9t@edublogs.org,Female,197.86.186.97
455,Judith,Kelemen,jkelemen9u@skyrock.com,Female,27.43.8.171
456,Giacopo,Caskey,gcaskey9v@wix.com,Male,100.177.16.142
457,Beryle,Macari,bmacari9w@gov.uk,Female,45.131.52.46
458,Dalli,Lukacs,dlukacs9x@hc360.com,Male,177.9.163.164
459,Earlie,Vasyaev,evasyaev9y@ed.gov,Male,101.137.203.61
460,Nilson,Gosalvez,ngosalvez9z@kickstarter.com,Male,118.64.81.132
461,Carrissa,Sackes,csackesa0@vkontakte.ru,Female,29.250.90.37
462,Cleo,Bum,cbuma1@stumbleupon.com,Female,156.235.245.244
463,Jessie,Pounder,jpoundera2@wikimedia.org,Female,57.103.187.162
464,Evey,Klimmek,eklimmeka3@narod.ru,Genderfluid,154.87.127.34
465,Saloma,Karp,skarpa4@w3.org,Female,182.29.168.237
466,Domenico,Bailes,dbailesa5@japanpost.jp,Male,232.188.87.243
467,Simone,Drohun,sdrohuna6@altervista.org,Female,187.255.207.20
468,Emilia,Methingam,emethingama7@deliciousdays.com,Polygender,189.199.83.219
469,Francisco,Showl,fshowla8@smh.com.au,Male,217.6.149.78
470,Kile,Novacek,knovaceka9@msn.com,Male,37.88.130.160
471,Roselia,Selkirk,rselkirkaa@skyrock.com,Female,115.13.119.175
472,Farris,Cumberpatch,fcumberpatchab@forbes.com,Male,213.114.93.173
473,Lissie,Jann,ljannac@addthis.com,Female,150.188.140.194
474,Kendal,Neely,kneelyad@yahoo.co.jp,Male,232.74.106.14
475,Fred,Lacase,flacaseae@infoseek.co.jp,Female,218.55.145.226
476,Gael,Beaty,gbeatyaf@unesco.org,Male,115.157.118.207
477,Arvie,Espino,aespinoag@zimbio.com,Male,59.71.184.34
478,Wyn,Goodright,wgoodrightah@free.fr,Male,2.158.69.144
479,See,Bleckly,sblecklyai@eventbrite.com,Male,27.155.240.80
480,Vladamir,Blencowe,vblencoweaj@exblog.jp,Male,220.193.182.190
481,Henryetta,Sanbroke,hsanbrokeak@yahoo.co.jp,Female,244.242.237.81
482,Wally,Lyptrade,wlyptradeal@about.me,Male,142.92.63.117
483,Padget,Spilsted,pspilstedam@mtv.com,Male,19.121.58.156
484,Evaleen,Capehorn,ecapehornan@example.com,Female,107.104.194.154
485,Hermon,Banke,hbankeao@mozilla.org,Male,38.32.98.79
486,Adriana,Cypler,acyplerap@webeden.co.uk,Female,242.141.72.19
487,Bea,Gwilym,bgwilymaq@amazon.co.uk,Female,186.207.195.39
488,Cassondra,Kidson,ckidsonar@google.com.hk,Female,143.23.52.245
489,Lowell,Jewess,ljewessas@apple.com,Male,120.142.134.74
490,Ofilia,Callan,ocallanat@photobucket.com,Female,231.206.238.189
491,Parnell,Clapp,pclappau@baidu.com,Male,190.14.184.187
492,Aura,Hirschmann,ahirschmannav@boston.com,Female,51.207.239.5
493,Margeaux,Disbrow,mdisbrowaw@techcrunch.com,Genderqueer,237.51.213.2
494,Kelvin,Dicker,kdickerax@youku.com,Male,44.20.48.106
495,Abba,Stilgoe,astilgoeay@qq.com,Male,107.93.154.77
496,Inger,Piola,ipiolaaz@qq.com,Female,167.138.19.142
497,Thebault,Sheavills,tsheavillsb0@angelfire.com,Male,215.196.8.149
498,Gussi,Bodell,gbodellb1@statcounter.com,Female,228.95.144.119
499,Eolande,Ruby,erubyb2@ezinearticles.com,Female,2.41.41.133
500,Daven,Tuttiett,dtuttiettb3@engadget.com,Male,15.86.253.29
501,Claudia,Vero,cverob4@behance.net,Female,86.238.186.145
502,Terrence,Ormond,tormondb5@privacy.gov.au,Male,143.226.181.174
503,Merola,Pitkeathley,mpitkeathleyb6@topsy.com,Female,34.5.209.247
504,Leon,Leebetter,lleebetterb7@imageshack.us,Male,128.212.32.106
505,Corly,Stiell,cstiellb8@hostgator.com,Female,225.23.65.90
506,Dulsea,Benson,dbensonb9@businesswire.com,Female,63.80.158.102
507,Welsh,Gabe,wgabeba@ehow.com,Agender,66.236.235.197
508,Buffy,Drieu,bdrieubb@mediafire.com,Female,205.0.0.92
509,Amory,Carsberg,acarsbergbc@phpbb.com,Male,96.224.230.134
510,Evangeline,Himsworth,ehimsworthbd@buzzfeed.com,Female,113.84.155.90
511,Corie,Castiglione,ccastiglionebe@ning.com,Female,169.193.34.220
512,Keen,Staniforth,kstaniforthbf@craigslist.org,Male,178.178.126.204
513,Hugibert,Neilus,hneilusbg@census.gov,Male,38.7.171.45
514,Ike,Tims,itimsbh@wufoo.com,Male,43.25.106.110
515,Phedra,Thody,pthodybi@fastcompany.com,Female,6.64.184.55
516,Zak,Uzielli,zuziellibj@bloomberg.com,Male,34.98.198.98
517,Hersh,Jupp,hjuppbk@cafepress.com,Male,130.96.174.108
518,Marijo,Ternouth,mternouthbl@cbslocal.com,Female,19.51.60.79
519,Estella,Ovett,eovettbm@mapquest.com,Female,236.46.202.157
520,Clayson,Clifforth,cclifforthbn@ezinearticles.com,Male,46.205.189.142
521,Bernetta,McComish,bmccomishbo@sohu.com,Female,210.46.169.35
522,Hilliary,Triplett,htriplettbp@thetimes.co.uk,Female,17.196.171.252
523,Caprice,Solman,csolmanbq@sciencedirect.com,Female,219.53.64.53
524,Esta,Ryrie,eryriebr@cpanel.net,Female,176.252.105.236
525,Dale,McCully,dmccullybs@amazon.co.uk,Female,74.142.152.60
526,Honey,Dibson,hdibsonbt@psu.edu,Female,35.170.173.13
527,Belia,Christoforou,bchristoforoubu@europa.eu,Female,193.255.203.103
528,Bondon,Symper,bsymperbv@bloglines.com,Genderfluid,115.213.167.254
529,Corny,Pomeroy,cpomeroybw@ifeng.com,Male,254.225.130.164
530,Bertie,Moyle,bmoylebx@marketwatch.com,Male,255.26.206.166
531,Twila,Kestian,tkestianby@mysql.com,Female,95.151.36.48
532,Lulita,Soames,lsoamesbz@woothemes.com,Agender,174.135.251.238
533,Konstantin,Whaley,kwhaleyc0@dion.ne.jp,Male,62.6.150.65
534,Elia,Sweetzer,esweetzerc1@google.it,Male,169.218.143.247
535,Carmita,Gorse,cgorsec2@51.la,Female,234.129.40.133
536,Coriss,Dyka,cdykac3@msu.edu,Female,37.60.133.48
537,Jerri,Kennerley,jkennerleyc4@dropbox.com,Male,203.63.91.78
538,Nealy,Fenna,nfennac5@apple.com,Male,191.214.152.156
539,Aland,Bielfeldt,abielfeldtc6@soup.io,Male,10.120.159.182
540,Tye,Lohering,tloheringc7@4shared.com,Male,143.168.2.190
541,Shoshana,Strutz,sstrutzc8@netlog.com,Female,196.4.184.147
542,Sully,Polden,spoldenc9@reverbnation.com,Male,161.52.168.174
543,Justin,Bloxsome,jbloxsomeca@google.co.jp,Male,253.66.201.23
544,Cara,Attarge,cattargecb@hubpages.com,Female,131.78.60.97
545,Noreen,Meiner,nmeinercc@umich.edu,Female,53.99.245.171
546,Alexis,Ricciardello,aricciardellocd@npr.org,Male,229.52.22.23
547,Esme,Bilby,ebilbyce@sina.com.cn,Female,92.70.36.198
548,Hoyt,Galbraith,hgalbraithcf@chronoengine.com,Male,65.153.111.120
549,Lynde,Marfell,lmarfellcg@hugedomains.com,Female,104.0.35.88
550,Suellen,Glascott,sglascottch@homestead.com,Female,109.16.138.223
551,Kissee,Dykes,kdykesci@ovh.net,Female,51.210.28.242
552,Miguela,Izsak,mizsakcj@arstechnica.com,Agender,67.81.13.3
553,Deb,Oliva,dolivack@vistaprint.com,Genderqueer,181.228.1.68
554,Napoleon,Pavlovsky,npavlovskycl@jimdo.com,Male,217.19.83.233
555,Skipper,Ashfull,sashfullcm@reference.com,Male,17.126.0.187
556,Car,Bellwood,cbellwoodcn@yahoo.co.jp,Male,239.201.28.55
557,Kev,Hilary,khilaryco@techcrunch.com,Male,212.19.142.192
558,Garvey,Sawnwy,gsawnwycp@weibo.com,Male,109.33.90.169
559,Rasia,Sellner,rsellnercq@creativecommons.org,Female,212.221.107.64
560,Shoshanna,Lawn,slawncr@tmall.com,Female,218.124.74.149
561,Elia,Codling,ecodlingcs@behance.net,Male,172.24.71.35
562,Thane,Ziemen,tziemenct@wordpress.com,Male,16.96.189.46
563,Saba,Finder,sfindercu@qq.com,Female,17.49.123.119
564,Tabor,Georgiev,tgeorgievcv@networksolutions.com,Male,248.196.159.164
565,Scotty,Stave,sstavecw@livejournal.com,Male,177.55.20.202
566,Dinny,Gruszczak,dgruszczakcx@chron.com,Female,70.40.9.169
567,Jorgan,Topling,jtoplingcy@comcast.net,Male,50.1.179.196
568,Heinrik,Kilalea,hkilaleacz@usnews.com,Male,119.190.20.199
569,Adrian,Scotland,ascotlandd0@bloglines.com,Male,145.156.36.54
570,Annnora,Borton,abortond1@qq.com,Female,225.180.217.165
571,Carny,Kamien,ckamiend2@mac.com,Male,198.132.29.227
572,Shelley,Manser,smanserd3@vistaprint.com,Genderqueer,220.10.36.147
573,Jehu,Beagan,jbeagand4@moonfruit.com,Male,200.134.102.168
574,Cullan,Jackett,cjackettd5@lulu.com,Male,162.67.16.40
575,Illa,Devonshire,idevonshired6@telegraph.co.uk,Female,145.45.53.213
576,Tommy,Ingleton,tingletond7@cloudflare.com,Female,44.106.106.161
577,Tiphany,Begent,tbegentd8@dion.ne.jp,Female,170.206.50.149
578,Georgetta,Waddup,gwaddupd9@google.com,Female,0.3.195.104
579,Candace,Jonk,cjonkda@cornell.edu,Female,224.41.120.2
580,Gerry,Nuschke,gnuschkedb@foxnews.com,Female,96.115.240.192
581,Kristofer,Bagwell,kbagwelldc@com.com,Male,249.217.34.70
582,June,Hymers,jhymersdd@lulu.com,Bigender,2.193.64.84
583,Shurlocke,Duffill,sduffillde@wsj.com,Male,129.197.87.116
584,Ivett,Crush,icrushdf@cbc.ca,Bigender,31.57.42.212
585,Marna,Morrallee,mmorralleedg@harvard.edu,Female,209.245.57.105
586,Melvyn,Utley,mutleydh@1und1.de,Male,134.187.95.68
587,Danni,Sailor,dsailordi@istockphoto.com,Female,107.229.213.164
588,Abner,Rowland,arowlanddj@disqus.com,Genderqueer,123.228.47.22
589,Jedidiah,Roderighi,jroderighidk@ocn.ne.jp,Male,205.181.125.116
590,Gran,Schulter,gschulterdl@blog.com,Male,148.214.196.202
591,Perren,Arunowicz,parunowiczdm@blogtalkradio.com,Male,171.78.62.139
592,Herbie,Desborough,hdesboroughdn@wikipedia.org,Male,19.124.152.62
593,Cale,Tillman,ctillmando@usnews.com,Male,22.14.5.181
594,Camella,Frankiewicz,cfrankiewiczdp@archive.org,Female,162.139.136.156
595,Geralda,Storkes,gstorkesdq@4shared.com,Female,92.37.187.233
596,Elnora,Paradin,eparadindr@cbslocal.com,Non-binary,184.94.182.215
597,Imogene,Oglesbee,ioglesbeeds@apple.com,Female,32.22.82.64
598,Editha,MacKeller,emackellerdt@constantcontact.com,Bigender,157.116.93.61
599,Nate,Hendricks,nhendricksdu@seesaa.net,Male,152.79.156.235
600,Debi,Skittles,dskittlesdv@tinyurl.com,Female,171.68.21.200
601,Riordan,Flegg,rfleggdw@tamu.edu,Male,109.107.245.28
602,Werner,Jaine,wjainedx@cargocollective.com,Male,152.115.127.49
603,Aurea,Juares,ajuaresdy@homestead.com,Female,201.248.237.45
604,Linus,Booton,lbootondz@simplemachines.org,Male,18.54.176.138
605,Cullie,Morey,cmoreye0@chron.com,Male,143.223.3.99
606,Lucie,O'Kane,lokanee1@cnbc.com,Female,195.127.6.168
607,Hamil,Billinge,hbillingee2@jalbum.net,Male,237.110.246.17
608,Jamil,Matt,jmatte3@ihg.com,Male,115.213.78.141
609,Elana,Jillins,ejillinse4@sogou.com,Female,175.85.201.198
610,Clarie,Heinrich,cheinriche5@360.cn,Female,76.46.182.200
611,Camella,Ghio,cghioe6@wsj.com,Female,14.111.124.127
612,Kiley,Salvador,ksalvadore7@princeton.edu,Male,95.136.18.14
613,Beitris,De Micoli,bdemicolie8@behance.net,Genderqueer,40.213.181.102
614,Filippo,Lucian,fluciane9@prlog.org,Male,118.159.159.60
615,Gaylene,Devlin,gdevlinea@yellowbook.com,Female,198.27.140.10
616,Keriann,Dodds,kdoddseb@360.cn,Female,206.2.211.119
617,Cinderella,Tyres,ctyresec@themeforest.net,Female,243.173.117.169
618,Tamarra,Maffione,tmaffioneed@1688.com,Female,91.249.73.69
619,Marten,Carlyle,mcarlyleee@businessweek.com,Male,52.102.172.20
620,Cati,Chatteris,cchatterisef@youtu.be,Female,68.32.243.224
621,Molli,Fittall,mfittalleg@digg.com,Female,147.84.201.240
622,Rufus,Lampaert,rlampaerteh@hubpages.com,Male,170.176.47.87
623,Shanie,Oppy,soppyei@netscape.com,Female,144.52.239.17
624,Carny,Abramovic,cabramovicej@arstechnica.com,Male,30.21.68.153
625,Hendrick,Graine,hgraineek@yelp.com,Male,233.203.131.172
626,Teddy,Gleeson,tgleesonel@netlog.com,Female,55.248.38.2
627,Charmine,Golthorpp,cgolthorppem@unesco.org,Female,227.241.216.155
628,Torrance,De Launde,tdelaundeen@amazon.co.uk,Male,96.40.134.206
629,Darcy,Klammt,dklammteo@mediafire.com,Male,105.79.245.129
630,Georgie,Fazackerley,gfazackerleyep@unicef.org,Male,21.39.15.103
631,Tillie,Jukubczak,tjukubczakeq@answers.com,Female,20.157.10.127
632,Cchaddie,Schulze,cschulzeer@google.co.jp,Male,37.166.243.254
633,Pryce,McKernon,pmckernones@walmart.com,Male,108.160.210.212
634,Margery,Guilayn,mguilaynet@sitemeter.com,Female,253.248.220.167
635,Randolph,Di Roberto,rdirobertoeu@ftc.gov,Male,16.153.122.26
636,Alwyn,Rosterne,arosterneev@mediafire.com,Male,201.49.37.57
637,Jenilee,Trollope,jtrollopeew@comcast.net,Female,136.215.181.207
638,Morganica,Avey,maveyex@ucoz.com,Female,174.113.198.212
639,Danella,Zincke,dzinckeey@phoca.cz,Female,4.32.224.200
640,Nikolos,Mallalieu,nmallalieuez@amazonaws.com,Male,243.131.32.151
641,Bondon,Cayette,bcayettef0@flavors.me,Non-binary,223.2.176.221
642,Brantley,Crux,bcruxf1@indiatimes.com,Male,60.107.188.97
643,Erda,Cheshir,echeshirf2@mysql.com,Female,109.116.5.141
644,Teador,Woliter,twoliterf3@icio.us,Male,186.233.159.25
645,Nikolaos,Coxhell,ncoxhellf4@dot.gov,Male,56.165.203.57
646,Willa,Jelleman,wjellemanf5@twitter.com,Female,150.247.116.157
647,Susann,Walbrook,swalbrookf6@wordpress.com,Female,61.57.64.164
648,Justen,Klimentyonok,jklimentyonokf7@posterous.com,Male,130.99.180.147
649,Yorgos,Halkyard,yhalkyardf8@tripadvisor.com,Male,28.125.28.100
650,Hillard,Pharrow,hpharrowf9@dailymotion.com,Male,225.178.81.121
651,Caryl,Kindread,ckindreadfa@t.co,Male,22.177.116.197
652,Caroline,Baversor,cbaversorfb@google.com,Female,27.91.125.40
653,Myron,Lindwall,mlindwallfc@loc.gov,Genderfluid,18.198.103.37
654,Regina,Dumbrell,rdumbrellfd@example.com,Female,179.127.201.33
655,Tyrone,Vasilkov,tvasilkovfe@intel.com,Male,8.158.132.42
656,Leonidas,Moralas,lmoralasff@jiathis.com,Male,20.243.176.239
657,Brocky,Mandy,bmandyfg@4shared.com,Male,6.146.11.41
658,Arabela,Fishly,afishlyfh@1688.com,Non-binary,119.184.225.233
659,Chastity,Gorelli,cgorellifi@meetup.com,Female,131.31.144.247
660,Flori,Thews,fthewsfj@pbs.org,Female,134.164.175.166
661,Misha,Brundall,mbrundallfk@issuu.com,Female,79.139.171.224
662,Pearle,Whittlesey,pwhittleseyfl@godaddy.com,Genderfluid,71.204.252.249
663,Meade,Ferronel,mferronelfm@discuz.net,Male,76.95.232.42
664,Constancia,Witts,cwittsfn@pcworld.com,Female,186.219.194.52
665,Rodolphe,Ryall,rryallfo@icq.com,Male,56.0.230.81
666,Stormi,Doddemeede,sdoddemeedefp@wunderground.com,Female,120.151.147.139
667,Llywellyn,Gilliat,lgilliatfq@wikimedia.org,Male,13.35.98.197
668,Josy,Sail,jsailfr@auda.org.au,Female,134.183.46.222
669,Herculie,Feckey,hfeckeyfs@360.cn,Bigender,242.79.169.120
670,Gardie,McQuilkin,gmcquilkinft@wordpress.com,Male,70.12.25.90
671,Bernhard,Kirkup,bkirkupfu@yolasite.com,Male,87.44.132.207
672,Calhoun,Trollope,ctrollopefv@cloudflare.com,Male,114.98.81.47
673,Burg,Poad,bpoadfw@yale.edu,Male,229.175.224.1
674,Tucky,Basindale,tbasindalefx@vinaora.com,Male,90.204.134.1
675,Ferd,Thomen,fthomenfy@jimdo.com,Male,216.138.148.125
676,Marc,Wadge,mwadgefz@ibm.com,Male,94.2.52.165
677,Tedmund,Braunton,tbrauntong0@whitehouse.gov,Male,51.242.130.246
678,Jobie,Conley,jconleyg1@cyberchimps.com,Female,230.33.242.139
679,Wallache,Joderli,wjoderlig2@who.int,Genderfluid,170.46.10.55
680,Margie,McHan,mmchang3@cornell.edu,Female,238.200.122.219
681,Hildagarde,Lewins,hlewinsg4@surveymonkey.com,Female,25.229.238.96
682,Garrick,L'Episcopi,glepiscopig5@uiuc.edu,Male,86.238.196.30
683,Gonzalo,Rue,grueg6@t-online.de,Male,93.97.82.16
684,Xerxes,Glancy,xglancyg7@google.com,Non-binary,177.150.70.147
685,Dugald,Collocott,dcollocottg8@yellowpages.com,Male,178.236.202.17
686,Karlik,Warlton,kwarltong9@de.vu,Male,100.231.107.151
687,Jenda,Fish,jfishga@shutterfly.com,Polygender,127.74.243.169
688,Michell,Pumphrey,mpumphreygb@forbes.com,Female,33.172.75.242
689,Donal,Forseith,dforseithgc@illinois.edu,Male,226.134.114.249
690,Irvine,Giraths,igirathsgd@economist.com,Male,78.136.40.187
691,Ave,Sizeland,asizelandge@diigo.com,Male,83.195.109.253
692,Janessa,Donoghue,jdonoghuegf@hibu.com,Female,236.193.105.64
693,Allison,Dilleston,adillestongg@yelp.com,Female,0.246.49.199
694,Konstantin,Wilden,kwildengh@google.com.br,Male,84.153.20.38
695,Hernando,Gaynor,hgaynorgi@webs.com,Male,254.147.135.255
696,Tabatha,Staniland,tstanilandgj@howstuffworks.com,Female,159.27.75.149
697,Lanita,Du Hamel,lduhamelgk@odnoklassniki.ru,Female,18.111.178.124
698,Koo,Gallehock,kgallehockgl@wikipedia.org,Female,93.243.232.9
699,Garv,Celes,gcelesgm@360.cn,Male,106.178.190.137
700,Alvan,Gittose,agittosegn@youku.com,Male,204.10.160.38
701,Dory,McAllen,dmcallengo@weather.com,Male,33.24.40.86
702,Sybilla,Musson,smussongp@wikia.com,Female,46.6.70.127
703,Gale,Valett,gvalettgq@google.cn,Female,230.169.1.127
704,Khalil,Gorges,kgorgesgr@unblog.fr,Male,159.69.68.106
705,Trace,Garmanson,tgarmansongs@addthis.com,Male,158.231.62.106
706,Ivie,Stadding,istaddinggt@google.it,Female,97.121.212.177
707,Shurlocke,Whitcher,swhitchergu@wikipedia.org,Male,222.178.36.156
708,Blondell,Waterhous,bwaterhousgv@uol.com.br,Female,250.213.236.235
709,Jan,Rawstorne,jrawstornegw@php.net,Female,180.253.50.206
710,Chelsey,Martonfi,cmartonfigx@diigo.com,Female,159.196.99.113
711,Jenica,Bridat,jbridatgy@chronoengine.com,Female,166.150.107.128
712,Saba,Nelles,snellesgz@adobe.com,Female,80.234.178.145
713,Billy,Clancey,bclanceyh0@vk.com,Genderfluid,49.54.31.36
714,Elwira,Banfield,ebanfieldh1@washingtonpost.com,Female,173.6.1.129
715,Reg,Shucksmith,rshucksmithh2@msu.edu,Male,136.131.32.187
716,Susannah,Pound,spoundh3@google.cn,Female,195.155.195.136
717,Blane,Burnhams,bburnhamsh4@cdc.gov,Male,177.72.166.233
718,Gualterio,Dundredge,gdundredgeh5@narod.ru,Male,4.188.219.109
719,Travis,Beauchamp,tbeauchamph6@discuz.net,Bigender,213.17.0.136
720,Farah,Guillou,fguillouh7@behance.net,Female,139.129.20.36
721,Adele,Hinnerk,ahinnerkh8@is.gd,Female,66.244.247.254
722,Blaine,Barwell,bbarwellh9@google.com.br,Genderfluid,236.186.56.4
723,Zulema,Sansun,zsansunha@latimes.com,Female,173.140.126.97
724,Dorice,Husby,dhusbyhb@miitbeian.gov.cn,Female,32.19.163.13
725,Kimberlyn,Burland,kburlandhc@indiegogo.com,Non-binary,46.103.164.248
726,Boy,Eseler,beselerhd@nsw.gov.au,Male,210.242.142.58
727,Gabrielle,Mardle,gmardlehe@vimeo.com,Female,61.122.167.9
728,Sonnie,Tassell,stassellhf@cornell.edu,Female,219.240.18.118
729,Pennie,Paolacci,ppaolaccihg@homestead.com,Male,16.120.13.175
730,Christopher,Tranfield,ctranfieldhh@t.co,Male,2.132.207.26
731,Kimbell,Rice,kricehi@nih.gov,Male,253.47.178.18
732,Bev,Henricsson,bhenricssonhj@usda.gov,Male,217.29.99.84
733,Nelie,Ather,natherhk@constantcontact.com,Female,30.76.136.170
734,Grier,Alcalde,galcaldehl@privacy.gov.au,Female,116.220.229.192
735,Jaquith,Beceril,jbecerilhm@yolasite.com,Female,191.25.6.49
736,Efrem,Dobbinson,edobbinsonhn@google.com.hk,Male,95.184.58.81
737,Tomlin,Cafe,tcafeho@hugedomains.com,Male,8.209.172.25
738,Tobe,Whelpton,twhelptonhp@cornell.edu,Female,81.253.25.187
739,Birgitta,Annies,bannieshq@gmpg.org,Female,203.116.89.146
740,Hakeem,Sikorsky,hsikorskyhr@istockphoto.com,Male,101.241.58.152
741,Marcie,Rogge,mroggehs@skyrock.com,Female,232.125.37.184
742,Orton,Meachan,omeachanht@linkedin.com,Male,131.19.51.83
743,Ethelred,Ketteman,ekettemanhu@va.gov,Male,114.225.127.188
744,Ansell,Leakner,aleaknerhv@ftc.gov,Male,144.138.131.113
745,Teodor,Adnet,tadnethw@wunderground.com,Male,32.192.135.220
746,Lavinie,Kahan,lkahanhx@ustream.tv,Female,18.3.93.25
747,Oneida,Simoncini,osimoncinihy@xing.com,Female,74.165.197.161
748,Katy,McTerry,kmcterryhz@intel.com,Female,71.59.155.92
749,Lavina,Fort,lforti0@state.gov,Female,203.125.61.214
750,Waverley,Retchford,wretchfordi1@ox.ac.uk,Male,214.217.110.247
751,Gabriela,Lancaster,glancasteri2@dedecms.com,Female,187.1.12.79
752,Josie,Pelling,jpellingi3@wired.com,Female,192.203.178.30
753,Rustin,Pattinson,rpattinsoni4@icq.com,Male,25.170.181.245
754,Alberto,Baulcombe,abaulcombei5@xinhuanet.com,Male,103.139.100.227
755,Chevy,Woolford,cwoolfordi6@addtoany.com,Male,159.105.169.51
756,Nadine,Drinan,ndrinani7@theguardian.com,Female,169.158.101.119
757,Josi,Joret,jjoreti8@sitemeter.com,Female,57.33.233.122
758,Mead,Murkus,mmurkusi9@baidu.com,Male,75.255.75.215
759,Shaw,Drache,sdracheia@cmu.edu,Male,251.239.80.119
760,Taylor,Cleal,tclealib@ox.ac.uk,Male,46.90.24.15
761,Kathleen,Dunbar,kdunbaric@naver.com,Female,247.27.99.240
762,Kassi,Rubinow,krubinowid@bravesites.com,Female,40.229.20.196
763,Portia,Ockenden,pockendenie@mayoclinic.com,Female,190.16.235.182
764,Adolphe,Kobera,akoberaif@patch.com,Male,204.105.91.173
765,Kip,Benninck,kbenninckig@artisteer.com,Female,226.238.136.29
766,Ailey,Easum,aeasumih@ebay.co.uk,Female,103.212.92.33
767,Wenonah,Sutty,wsuttyii@un.org,Genderfluid,198.45.4.99
768,Benito,Kimbley,bkimbleyij@vkontakte.ru,Male,162.251.0.4
769,Grady,Buttler,gbuttlerik@pbs.org,Agender,0.213.45.55
770,Beilul,Arlt,barltil@behance.net,Female,227.111.22.125
771,Tarrah,Itschakov,titschakovim@livejournal.com,Female,123.3.5.68
772,Dido,Younglove,dyounglovein@lulu.com,Female,224.144.234.201
773,Reider,McCormick,rmccormickio@smugmug.com,Male,153.45.52.225
774,Maris,Gheerhaert,mgheerhaertip@nature.com,Female,112.142.124.183
775,Brandi,Pomfrett,bpomfrettiq@istockphoto.com,Female,196.171.130.46
776,Tad,O'Suaird,tosuairdir@woothemes.com,Male,204.181.250.204
777,Mollee,Ainley,mainleyis@businessweek.com,Female,218.76.9.190
778,Marc,Holligan,mholliganit@quantcast.com,Male,146.191.51.206
779,Franny,Risom,frisomiu@ox.ac.uk,Female,41.213.196.20
780,Megan,Collyns,mcollynsiv@archive.org,Female,14.65.34.56
781,Bertrando,Atcheson,batchesoniw@webnode.com,Male,219.220.83.59
782,Claude,Maidlow,cmaidlowix@yolasite.com,Polygender,88.13.114.233
783,Balduin,Grundle,bgrundleiy@shareasale.com,Male,222.14.192.77
784,Nikolos,Longmaid,nlongmaidiz@technorati.com,Male,99.218.194.254
785,Kerri,Denton,kdentonj0@answers.com,Female,112.112.185.29
786,Genvieve,Conville,gconvillej1@stanford.edu,Genderfluid,48.28.106.237
787,Rowan,Jzhakov,rjzhakovj2@mtv.com,Male,10.125.188.223
788,Lisha,Rosenfeld,lrosenfeldj3@shinystat.com,Female,152.156.112.61
789,Skipp,Benedicto,sbenedictoj4@cisco.com,Male,161.13.253.163
790,Malorie,Grimmett,mgrimmettj5@dot.gov,Female,175.10.8.111
791,Antonella,Kendrick,akendrickj6@liveinternet.ru,Genderfluid,64.109.250.232
792,Erhard,Antrobus,eantrobusj7@webeden.co.uk,Male,168.206.172.69
793,Aguistin,Custy,acustyj8@mediafire.com,Non-binary,172.150.86.30
794,Silvester,Haddacks,shaddacksj9@icq.com,Male,107.169.11.37
795,Maritsa,Ducastel,mducastelja@taobao.com,Female,255.41.219.54
796,Micheline,Downage,mdownagejb@yolasite.com,Female,110.233.184.181
797,Darleen,Connolly,dconnollyjc@npr.org,Genderfluid,205.184.19.144
798,Moss,Szanto,mszantojd@youku.com,Male,29.137.159.173
799,Lauraine,McCart,lmccartje@alibaba.com,Female,121.64.32.30
800,Ossie,Iacapucci,oiacapuccijf@nifty.com,Male,72.205.202.157
801,Erina,Tourry,etourryjg@foxnews.com,Female,157.212.32.159
802,Maurice,Gentle,mgentlejh@fda.gov,Male,170.96.48.150
803,Kimball,Jaspar,kjasparji@about.me,Male,250.122.165.238
804,Timothea,Scurman,tscurmanjj@spotify.com,Female,215.170.213.68
805,Gregory,Durno,gdurnojk@irs.gov,Male,86.184.252.239
806,Tabbi,Felipe,tfelipejl@g.co,Non-binary,170.223.178.34
807,Odette,Gillinghams,ogillinghamsjm@loc.gov,Polygender,188.170.139.34
808,Tallia,Boydell,tboydelljn@jigsy.com,Female,164.63.224.227
809,Jule,Macauley,jmacauleyjo@merriam-webster.com,Male,182.117.217.119
810,Henryetta,Vockings,hvockingsjp@comcast.net,Female,127.95.52.187
811,Fleming,Caddens,fcaddensjq@businesswire.com,Male,28.107.210.151
812,Cathie,Shackelton,cshackeltonjr@etsy.com,Non-binary,71.108.191.185
813,Thorn,Carlo,tcarlojs@oracle.com,Male,114.254.99.188
814,Ciel,Antoniazzi,cantoniazzijt@google.de,Female,232.179.57.157
815,Bettye,Coney,bconeyju@marketwatch.com,Female,154.83.122.66
816,Dorene,Glennon,dglennonjv@ted.com,Female,87.52.34.178
817,Adrianne,Core,acorejw@google.ru,Female,91.233.83.235
818,Miguel,Scedall,mscedalljx@de.vu,Male,244.123.108.192
819,Rubia,Calliss,rcallissjy@unicef.org,Female,191.215.218.203
820,Keen,McElory,kmceloryjz@gizmodo.com,Male,167.52.124.126
821,Horst,Jewis,hjewisk0@apple.com,Male,99.241.131.98
822,Camel,Bramhall,cbramhallk1@lulu.com,Bigender,100.67.167.36
823,Garrott,Carlisi,gcarlisik2@quantcast.com,Male,253.113.236.248
824,Wallace,Filchagin,wfilchagink3@wikia.com,Male,210.203.199.133
825,Nathan,Chifney,nchifneyk4@va.gov,Male,134.215.59.123
826,Lazare,Eldridge,leldridgek5@woothemes.com,Male,220.255.222.50
827,Sigismond,Triggs,striggsk6@nymag.com,Male,26.202.50.64
828,Simonette,Penella,spenellak7@behance.net,Female,94.159.253.156
829,Oralle,Hazeldene,ohazeldenek8@amazon.de,Female,242.117.200.135
830,Jobi,Scorah,jscorahk9@ask.com,Female,75.132.165.147
831,Renato,Dorning,rdorningka@bing.com,Bigender,29.29.4.37
832,Hildagarde,Mussettini,hmussettinikb@toplist.cz,Female,183.74.54.160
833,Merwyn,Dixie,mdixiekc@freewebs.com,Male,81.181.171.17
834,Cordie,Panyer,cpanyerkd@ftc.gov,Female,199.165.171.126
835,Shea,Rasper,srasperke@webeden.co.uk,Genderfluid,127.28.131.105
836,Kathleen,Weitzel,kweitzelkf@histats.com,Female,248.57.215.118
837,Herb,Ballantine,hballantinekg@nsw.gov.au,Agender,95.209.116.194
838,Cherin,Doncom,cdoncomkh@washingtonpost.com,Female,65.50.197.11
839,Onfroi,Runnett,orunnettki@who.int,Male,34.170.187.16
840,Gilbertine,Mapam,gmapamkj@engadget.com,Female,83.74.105.247
841,Ellyn,Dunford,edunfordkk@acquirethisname.com,Female,142.113.162.17
842,Corinne,Mallock,cmallockkl@sakura.ne.jp,Female,219.199.255.193
843,Gal,Fierman,gfiermankm@state.gov,Male,127.241.43.108
844,Vladimir,Freund,vfreundkn@usnews.com,Male,239.41.189.112
845,Hilton,Amiss,hamissko@topsy.com,Male,189.212.8.110
846,Keri,Keddie,kkeddiekp@guardian.co.uk,Female,137.90.137.239
847,Vivyanne,Lazarus,vlazaruskq@mlb.com,Female,69.233.190.160
848,Aridatha,Stearns,astearnskr@nbcnews.com,Female,254.212.229.12
849,Alexandra,Hamer,ahamerks@phpbb.com,Female,99.242.193.106
850,Joaquin,Squibb,jsquibbkt@sphinn.com,Male,154.14.108.137
851,Joseph,Babinski,jbabinskiku@uol.com.br,Male,97.55.55.104
852,Annadiane,Corsor,acorsorkv@histats.com,Female,210.130.60.243
853,Udell,Daw,udawkw@dagondesign.com,Male,235.126.228.117
854,Glenden,Adolfsen,gadolfsenkx@prnewswire.com,Male,118.194.52.184
855,Sawyere,Bearfoot,sbearfootky@nps.gov,Male,199.167.48.174
856,Madalena,Lawlie,mlawliekz@gravatar.com,Female,158.12.65.124
857,Stavros,Ellen,sellenl0@prlog.org,Genderfluid,143.7.68.94
858,Maximo,Dewicke,mdewickel1@rakuten.co.jp,Male,129.95.37.1
859,Gaspar,Girault,ggiraultl2@hud.gov,Bigender,100.78.167.123
860,Darcie,Buzek,dbuzekl3@fc2.com,Female,233.45.201.248
861,Dmitri,Grimwad,dgrimwadl4@php.net,Male,241.255.219.217
862,Erie,Blitzer,eblitzerl5@elpais.com,Male,204.165.160.35
863,Richmond,Taverner,rtavernerl6@xing.com,Male,247.118.233.61
864,Ruttger,Dome,rdomel7@auda.org.au,Genderqueer,85.111.237.42
865,Michail,Cutforth,mcutforthl8@vk.com,Male,11.12.55.28
866,Hanni,Ventura,hventural9@java.com,Female,114.158.3.164
867,Timmy,Speight,tspeightla@xinhuanet.com,Male,224.23.75.6
868,Brunhilda,Scandrett,bscandrettlb@prweb.com,Female,252.37.29.35
869,Menard,Jurick,mjuricklc@accuweather.com,Male,64.182.107.161
870,Mic,Seabert,mseabertld@purevolume.com,Male,149.153.244.241
871,Gabriello,Pacquet,gpacquetle@usnews.com,Male,196.15.167.192
872,Corey,Munt,cmuntlf@example.com,Male,44.37.54.37
873,Debbie,Carabine,dcarabinelg@indiatimes.com,Female,40.39.241.11
874,Ivan,Antonopoulos,iantonopouloslh@bravesites.com,Male,240.186.198.161
875,Mara,Nower,mnowerli@mapy.cz,Bigender,106.38.234.200
876,Angelika,Luscott,aluscottlj@narod.ru,Female,244.218.148.31
877,Celeste,Gauvain,cgauvainlk@themeforest.net,Female,161.4.136.221
878,Herve,Emney,hemneyll@nasa.gov,Agender,30.111.236.235
879,Hilario,Graysmark,hgraysmarklm@taobao.com,Male,209.246.96.249
880,Wilbert,Caygill,wcaygillln@stumbleupon.com,Male,204.132.140.220
881,Petey,MacGray,pmacgraylo@foxnews.com,Male,79.125.238.205
882,Morlee,Matyatin,mmatyatinlp@hatena.ne.jp,Male,254.71.39.62
883,Mateo,Chattey,mchatteylq@imdb.com,Male,207.49.32.124
884,Nadiya,Copnell,ncopnelllr@squidoo.com,Female,25.2.208.53
885,Robers,Earlam,rearlamls@auda.org.au,Male,113.217.27.168
886,Caesar,Thorneywork,cthorneyworklt@mapquest.com,Male,78.180.125.125
887,Jimmy,Lalonde,jlalondelu@newyorker.com,Polygender,159.222.132.185
888,Ray,Jodkowski,rjodkowskilv@weather.com,Male,149.228.130.126
889,Norby,Pentland,npentlandlw@istockphoto.com,Male,222.142.127.203
890,Zebedee,Test,ztestlx@gmpg.org,Bigender,235.116.255.253
891,Dara,Loughnan,dloughnanly@dyndns.org,Female,202.140.161.145
892,Tam,Benazet,tbenazetlz@soup.io,Male,215.253.75.52
893,Rudiger,Cobbledick,rcobbledickm0@scientificamerican.com,Male,136.221.186.8
894,Halsy,Eddis,heddism1@tiny.cc,Male,72.76.250.123
895,Julio,Walewski,jwalewskim2@sina.com.cn,Male,9.233.251.80
896,Sigismond,Patek,spatekm3@furl.net,Male,32.6.105.79
897,Lizzy,Doucette,ldoucettem4@github.com,Female,87.13.118.126
898,Adolphe,Faire,afairem5@newyorker.com,Bigender,30.68.247.88
899,Parnell,Leavry,pleavrym6@prweb.com,Male,204.36.154.4
900,Alfonso,Bowmen,abowmenm7@godaddy.com,Male,45.154.168.181
901,Sylas,Mattsson,smattssonm8@army.mil,Male,99.243.75.103
902,Clem,McDonogh,cmcdonoghm9@networksolutions.com,Female,84.123.21.93
903,Ashely,O'Murtagh,aomurtaghma@symantec.com,Female,90.96.209.246
904,Bev,Trenouth,btrenouthmb@webnode.com,Male,6.46.242.135
905,Gayelord,Tuftin,gtuftinmc@dedecms.com,Male,195.160.18.179
906,Jenni,Martusewicz,jmartusewiczmd@devhub.com,Female,48.11.242.129
907,Sarina,Knutsen,sknutsenme@seattletimes.com,Female,76.200.69.122
908,Hendrick,Marxsen,hmarxsenmf@artisteer.com,Male,153.17.96.184
909,Constantine,Barrie,cbarriemg@state.gov,Female,141.253.71.107
910,Cynthea,Lauret,clauretmh@oakley.com,Female,255.145.144.164
911,Dulcinea,Ginty,dgintymi@so-net.ne.jp,Female,28.87.152.156
912,Carmelina,Kohnert,ckohnertmj@reverbnation.com,Female,62.8.233.55
913,Marysa,Molineaux,mmolineauxmk@prweb.com,Female,95.5.187.102
914,Clevie,Malsher,cmalsherml@biglobe.ne.jp,Male,113.121.167.230
915,Marilee,Oppy,moppymm@globo.com,Female,186.99.27.243
916,Gaven,L' Anglois,glangloismn@nytimes.com,Male,232.22.111.225
917,Octavius,Greeding,ogreedingmo@google.es,Male,82.16.186.241
918,Ermentrude,Domonkos,edomonkosmp@marketwatch.com,Female,179.242.45.178
919,Mayne,Scraney,mscraneymq@netvibes.com,Male,174.27.233.105
920,Frazer,Licciardo,flicciardomr@163.com,Male,255.145.174.75
921,Chrystel,Shermore,cshermorems@sourceforge.net,Female,91.114.92.121
922,Candida,Cullity,ccullitymt@istockphoto.com,Female,142.62.241.212
923,Rey,Heineken,rheinekenmu@toplist.cz,Female,37.81.131.247
924,Celka,Clelle,cclellemv@meetup.com,Female,127.103.132.149
925,Cathe,Chimienti,cchimientimw@columbia.edu,Female,205.17.124.205
926,Abbott,Sinden,asindenmx@google.fr,Male,14.165.209.131
927,Luigi,Volett,lvolettmy@mysql.com,Male,67.178.104.97
928,Berenice,Benley,bbenleymz@wp.com,Female,148.58.223.242
929,Genna,Buxcy,gbuxcyn0@admin.ch,Female,17.148.116.150
930,Dar,Beiderbecke,dbeiderbecken1@pen.io,Male,149.199.248.127
931,Pattie,Loffel,ploffeln2@theguardian.com,Female,205.103.176.81
932,Tessa,Brombell,tbrombelln3@nbcnews.com,Female,113.116.24.93
933,Marcellus,Vain,mvainn4@state.tx.us,Male,106.210.198.245
934,Shermy,Cristol,scristoln5@istockphoto.com,Male,190.42.24.40
935,Doria,Picton,dpictonn6@multiply.com,Female,152.46.43.213
936,Regan,Hause,rhausen7@oaic.gov.au,Female,153.54.127.238
937,Jeremias,Beamish,jbeamishn8@nps.gov,Male,183.127.188.238
938,Neddy,Coombes,ncoombesn9@fotki.com,Male,123.17.58.130
939,Pierson,Laurent,plaurentna@ow.ly,Male,34.105.207.181
940,Brietta,Hedon,bhedonnb@shop-pro.jp,Female,234.223.26.85
941,Nicolina,Triplet,ntripletnc@posterous.com,Female,158.70.236.125
942,Seymour,Tace,stacend@nature.com,Male,250.13.105.83
943,Tasha,Crowch,tcrowchne@wp.com,Agender,73.62.113.8
944,Humberto,Cissell,hcissellnf@uol.com.br,Male,99.55.40.214
945,Ayn,Cadle,acadleng@merriam-webster.com,Female,162.206.30.49
946,Quintin,Clemensen,qclemensennh@un.org,Male,47.39.118.24
947,Clerissa,Casaccia,ccasacciani@oakley.com,Female,12.109.213.56
948,Shae,Rosingdall,srosingdallnj@clickbank.net,Male,45.8.130.150
949,Halie,Khristyukhin,hkhristyukhinnk@dyndns.org,Female,10.135.167.111
950,Aigneis,Semmens,asemmensnl@slideshare.net,Polygender,199.251.12.86
951,Lynn,Pray,lpraynm@craigslist.org,Female,239.130.251.197
952,Nev,Pieters,npietersnn@unblog.fr,Male,124.136.212.0
953,Trix,Bidgod,tbidgodno@slashdot.org,Female,1.211.224.67
954,Sammy,Laird-Craig,slairdcraignp@google.it,Male,243.35.71.151
955,Ernestus,Inkles,einklesnq@scientificamerican.com,Male,154.163.242.70
956,Goraud,Pickaver,gpickavernr@networkadvertising.org,Male,109.190.42.13
957,Lin,Fransemai,lfransemains@cnn.com,Female,102.36.128.43
958,Penny,Maddams,pmaddamsnt@fema.gov,Male,191.46.167.199
959,Waring,Habden,whabdennu@nsw.gov.au,Male,237.62.6.123
960,Lolly,Tansly,ltanslynv@bbb.org,Female,191.24.237.148
961,Anica,Jest,ajestnw@amazon.co.uk,Female,29.110.114.200
962,Cherin,D'Hooge,cdhoogenx@ed.gov,Female,108.111.122.153
963,Geno,Spirit,gspiritny@google.cn,Male,107.156.166.145
964,Letta,Topling,ltoplingnz@va.gov,Female,0.160.195.16
965,Corrie,Guillart,cguillarto0@mail.ru,Male,161.81.158.108
966,Shannon,Copestick,scopesticko1@ask.com,Male,167.52.230.233
967,Alic,Comber,acombero2@issuu.com,Male,207.10.59.170
968,Rollin,Clowton,rclowtono3@privacy.gov.au,Male,207.144.209.237
969,Horst,Randle,hrandleo4@miitbeian.gov.cn,Male,73.87.24.110
970,Jeanelle,Buntin,jbuntino5@dyndns.org,Female,41.12.97.213
971,Dorena,Norwood,dnorwoodo6@hibu.com,Agender,111.231.152.88
972,Alwyn,Brunnstein,abrunnsteino7@adobe.com,Male,76.251.68.134
973,Emmalyn,Knights,eknightso8@amazon.co.jp,Bigender,146.120.56.248
974,Finn,Libermore,flibermoreo9@sogou.com,Male,59.161.232.36
975,Harcourt,De Nisco,hdeniscooa@discuz.net,Male,168.143.83.44
976,Ivett,McNirlan,imcnirlanob@microsoft.com,Female,98.169.162.160
977,Genna,Varfalameev,gvarfalameevoc@yahoo.co.jp,Female,110.242.77.97
978,Wilmar,Vase,wvaseod@live.com,Male,207.51.112.154
979,Latisha,Kall,lkalloe@behance.net,Female,229.121.51.111
980,Adena,Bierling,abierlingof@sitemeter.com,Female,208.212.124.224
981,Atlanta,Crowcroft,acrowcroftog@jiathis.com,Female,2.69.106.236
982,Vite,O'Loughnan,voloughnanoh@vimeo.com,Male,98.104.238.111
983,Hartwell,Strugnell,hstrugnelloi@unc.edu,Male,121.7.146.2
984,Cam,Cure,ccureoj@livejournal.com,Female,249.1.30.119
985,Leilah,Keilty,lkeiltyok@etsy.com,Female,221.234.114.187
986,Gawen,Spaight,gspaightol@xing.com,Male,168.167.235.238
987,Annamaria,Castleman,acastlemanom@topsy.com,Female,43.130.194.100
988,Thibaud,Sandford,tsandfordon@youtu.be,Male,141.125.94.52
989,Delmer,Stodart,dstodartoo@craigslist.org,Male,10.2.246.97
990,Corinna,Frearson,cfrearsonop@soundcloud.com,Female,2.238.230.87
991,Fawnia,Paddon,fpaddonoq@reverbnation.com,Female,33.79.62.88
992,Cornall,Jeans,cjeansor@wufoo.com,Genderqueer,67.74.181.22
993,Phylis,Gerner,pgerneros@boston.com,Female,236.186.44.126
994,Todd,Hale,thaleot@simplemachines.org,Male,115.250.254.94
995,Maureene,Jurick,mjurickou@dagondesign.com,Female,151.244.151.237
996,Ynez,Nears,ynearsov@technorati.com,Female,116.86.84.132
997,Tonya,Maughan,tmaughanow@pinterest.com,Female,185.54.125.48
998,Miguela,Tuxsell,mtuxsellox@independent.co.uk,Genderqueer,36.102.53.108
999,Gallagher,Reaveley,greaveleyoy@msn.com,Male,240.205.1.157
1000,Prescott,Rootes,prootesoz@purevolume.com,Male,239.175.97.118
1001,Lorri,McCollum,lmccollump0@goo.gl,Female,238.181.151.198
1002,Hinze,McDuff,hmcduffp1@qq.com,Male,184.170.27.36
1003,Shell,O'Hern,sohernp2@about.com,Agender,141.16.238.141
1004,Christiano,Ahrendsen,cahrendsenp3@typepad.com,Male,179.11.9.197
1005,Huntley,MacMeeking,hmacmeekingp4@bing.com,Male,185.220.42.4
1006,Margaretta,Peres,mperesp5@shop-pro.jp,Female,229.117.39.38
1007,Vittoria,Danaher,vdanaherp6@blogspot.com,Female,58.3.206.229
1008,Crystal,Boothby,cboothbyp7@usatoday.com,Female,29.192.102.222
1009,Stephanie,McClancy,smcclancyp8@slashdot.org,Female,195.41.31.42
1010,Scott,Redhouse,sredhousep9@techcrunch.com,Male,50.223.178.213
1011,Lanna,Keeri,lkeeripa@ebay.com,Female,241.207.196.135
1012,Rosalia,Kermode,rkermodepb@google.com.br,Female,52.157.252.111
1013,Devlen,Cornau,dcornaupc@tmall.com,Agender,185.109.80.212
1014,Marice,Keirl,mkeirlpd@de.vu,Female,40.44.107.21
1015,Haley,Pounds,hpoundspe@dot.gov,Male,105.56.100.154
1016,Thebault,Petkens,tpetkenspf@auda.org.au,Male,170.156.190.37
1017,Farr,Yves,fyvespg@wordpress.com,Male,89.99.49.109
1018,Lorelei,Shackesby,lshackesbyph@squidoo.com,Female,132.231.170.182
1019,Dulce,Shilstone,dshilstonepi@oaic.gov.au,Female,195.126.113.60
1020,Ronald,Morland,rmorlandpj@joomla.org,Male,67.154.167.126
1021,Terra,Hanbury-Brown,thanburybrownpk@tripod.com,Female,105.196.83.141
1022,Lincoln,Solan,lsolanpl@kickstarter.com,Genderfluid,146.42.80.54
1023,Thurstan,Ennew,tennewpm@techcrunch.com,Male,5.48.101.34
1024,Audie,Tinan,atinanpn@tumblr.com,Female,129.29.159.74
1025,Griffie,McGeachie,gmcgeachiepo@miibeian.gov.cn,Male,139.57.29.183
1026,Hedvig,Whitticks,hwhittickspp@webs.com,Genderfluid,165.54.31.246
1027,Cinnamon,Woofinden,cwoofindenpq@plala.or.jp,Female,27.99.29.151
1028,Edouard,Catton,ecattonpr@ucsd.edu,Male,225.238.14.215
1029,Iain,Vardie,ivardieps@businessinsider.com,Male,90.150.91.51
1030,Wini,Malacrida,wmalacridapt@yelp.com,Female,111.206.191.84
1031,Esma,Thorneloe,ethorneloepu@infoseek.co.jp,Female,236.155.86.226
1032,Dorotea,Ondra,dondrapv@joomla.org,Genderqueer,119.225.239.65
1033,Curt,Cabotto,ccabottopw@amazon.com,Male,5.63.226.236
1034,Seumas,Tuther,stutherpx@flavors.me,Genderqueer,191.97.21.12
1035,Rachel,McGawn,rmcgawnpy@csmonitor.com,Female,91.53.21.137
1036,Frederick,Barrowclough,fbarrowcloughpz@icio.us,Male,217.154.61.218
1037,Marcy,Berecloth,mbereclothq0@uiuc.edu,Female,144.64.71.115
1038,Rudd,Gilman,rgilmanq1@biblegateway.com,Male,87.118.10.73
1039,Edvard,Loche,elocheq2@geocities.com,Polygender,235.1.223.155
1040,Valaria,Gritskov,vgritskovq3@cisco.com,Female,23.41.94.124
1041,Demeter,Denton,ddentonq4@wsj.com,Genderfluid,105.164.109.9
1042,Rivkah,Highway,rhighwayq5@phoca.cz,Female,36.255.142.127
1043,Allie,Domek,adomekq6@bing.com,Female,236.209.72.250
1044,Valentin,Haslegrave,vhaslegraveq7@arizona.edu,Male,197.242.22.12
1045,Martina,Tolle,mtolleq8@scientificamerican.com,Female,205.115.74.216
1046,Marketa,Chadburn,mchadburnq9@seattletimes.com,Female,151.45.241.238
1047,Town,Izaks,tizaksqa@webeden.co.uk,Male,216.240.70.191
1048,Mariya,Balwin,mbalwinqb@slashdot.org,Female,172.239.156.254
1049,Catlee,Jouannisson,cjouannissonqc@cnet.com,Genderfluid,245.245.24.76
1050,Karel,Folliss,kfollissqd@goodreads.com,Male,187.209.93.22
1051,Victoir,Rosten,vrostenqe@ask.com,Male,254.91.254.164
1052,Debby,Prophet,dprophetqf@xrea.com,Female,154.178.207.169
1053,Zora,Cazalet,zcazaletqg@vimeo.com,Female,108.231.5.67
1054,Pammi,Bowmen,pbowmenqh@opera.com,Female,179.120.59.221
1055,Bobinette,Clulow,bclulowqi@ed.gov,Female,170.21.36.148
1056,Mildred,Streak,mstreakqj@booking.com,Female,60.199.137.104
1057,Yorgo,Okell,yokellqk@amazonaws.com,Male,187.78.109.152
1058,Remus,McMurthy,rmcmurthyql@feedburner.com,Male,137.33.4.24
1059,Miltie,Kidsley,mkidsleyqm@princeton.edu,Male,80.137.184.82
1060,Adlai,Searston,asearstonqn@vkontakte.ru,Male,74.98.68.106
1061,Andonis,Scarlet,ascarletqo@ehow.com,Male,57.147.27.135
1062,Kiel,Balme,kbalmeqp@buzzfeed.com,Male,184.120.9.107
1063,Domini,Mattiacci,dmattiacciqq@bbb.org,Female,119.97.82.142
1064,Lockwood,Ricarde,lricardeqr@infoseek.co.jp,Male,112.216.3.247
1065,Enid,Lambertini,elambertiniqs@oakley.com,Female,14.191.250.199
1066,Eward,Coe,ecoeqt@sciencedirect.com,Male,197.144.33.100
1067,Kinny,Yearnes,kyearnesqu@hp.com,Male,61.57.119.125
1068,Staci,Fraine,sfraineqv@imageshack.us,Female,224.158.142.30
1069,Waverley,Lukock,wlukockqw@geocities.com,Male,234.145.109.211
1070,Rosette,Wykey,rwykeyqx@deviantart.com,Female,144.65.143.66
1071,Beilul,Betjes,bbetjesqy@gravatar.com,Female,147.130.66.168
1072,Felike,Cash,fcashqz@cdbaby.com,Male,157.67.231.204
1073,Minta,Kobiera,mkobierar0@goodreads.com,Female,227.119.179.148
1074,Peg,Botterman,pbottermanr1@ca.gov,Female,49.101.74.197
1075,Yorke,Merlin,ymerlinr2@patch.com,Male,97.162.182.68
1076,Marline,Gorelli,mgorellir3@histats.com,Female,37.240.174.6
1077,Waylan,Breeder,wbreederr4@unblog.fr,Male,240.144.232.56
1078,Archibald,Deignan,adeignanr5@ow.ly,Male,151.81.53.206
1079,Jerrilyn,Erwin,jerwinr6@hostgator.com,Female,91.167.221.28
1080,Marylynne,Rappa,mrappar7@amazon.de,Non-binary,174.17.249.151
1081,Ester,Witham,ewithamr8@photobucket.com,Female,13.223.171.23
1082,Dorry,Langlais,dlanglaisr9@hibu.com,Female,56.198.6.174
1083,Shay,Catterick,scatterickra@mapquest.com,Male,235.231.43.188
1084,Clarice,McCartney,cmccartneyrb@princeton.edu,Female,7.1.61.230
1085,Roseanna,Dominka,rdominkarc@businessinsider.com,Female,203.81.203.129
1086,Rosita,Ungerechts,rungerechtsrd@elegantthemes.com,Female,56.252.80.13
1087,Egbert,Sanford,esanfordre@geocities.com,Agender,102.32.154.86
1088,Tyrus,Vanyushkin,tvanyushkinrf@miitbeian.gov.cn,Male,56.168.113.45
1089,Carolina,Kingcote,ckingcoterg@ocn.ne.jp,Female,4.39.66.137
1090,Oswald,Bimrose,obimroserh@creativecommons.org,Male,167.100.195.216
1091,Leigh,Bowshire,lbowshireri@boston.com,Female,156.60.109.210
1092,Yancey,Whetson,ywhetsonrj@smugmug.com,Male,95.207.73.166
1093,Silas,Rowly,srowlyrk@nhs.uk,Male,251.84.92.244
1094,Elysha,Deener,edeenerrl@ucla.edu,Female,93.132.3.87
1095,Michal,Kneel,mkneelrm@japanpost.jp,Male,233.46.43.166
1096,Wheeler,Danton,wdantonrn@cafepress.com,Male,115.102.44.77
1097,Garvin,Peffer,gpefferro@imdb.com,Male,12.81.179.208
1098,Kendrick,Sabban,ksabbanrp@amazonaws.com,Male,167.254.169.41
1099,Rahal,Madner,rmadnerrq@state.tx.us,Female,232.2.75.133
1100,Reeva,Vannuccini,rvannuccinirr@nymag.com,Female,136.239.3.6
